-- phpMyAdmin SQL Dump
-- version 5.0.2
-- https://www.phpmyadmin.net/
--
-- Servidor: 127.0.0.1
-- Tiempo de generación: 06-01-2021 a las 22:54:53
-- Versión del servidor: 10.4.13-MariaDB
-- Versión de PHP: 7.4.8

SET SQL_MODE = "NO_AUTO_VALUE_ON_ZERO";
START TRANSACTION;
SET time_zone = "+00:00";


/*!40101 SET @OLD_CHARACTER_SET_CLIENT=@@CHARACTER_SET_CLIENT */;
/*!40101 SET @OLD_CHARACTER_SET_RESULTS=@@CHARACTER_SET_RESULTS */;
/*!40101 SET @OLD_COLLATION_CONNECTION=@@COLLATION_CONNECTION */;
/*!40101 SET NAMES utf8mb4 */;

--
-- Base de datos: `cepre`
--

-- --------------------------------------------------------

--
-- Estructura de tabla para la tabla `alumno`
--

CREATE TABLE `alumno` (
  `idAlumno` int(9) NOT NULL,
  `nombre` varchar(20) NOT NULL,
  `apellido` varchar(30) NOT NULL,
  `correo` varchar(30) NOT NULL,
  `telefono` int(11) NOT NULL,
  `dni` int(8) NOT NULL
) ENGINE=InnoDB DEFAULT CHARSET=utf8mb4;

--
-- Volcado de datos para la tabla `alumno`
--

INSERT INTO `alumno` (`idAlumno`, `nombre`, `apellido`, `correo`, `telefono`, `dni`) VALUES
(0, 'Alex', 'Miranda', 'alex.miranda@correo.com', 985684579, 70025315),
(1, 'Tomas', 'Acevedo jhong', 'acevedo.jhong@correo.com', 233071191, 20858772),
(2, 'Bruno', 'Agurto rondoy', 'agurto.rondoy@correo.com', 228696729, 31374387),
(3, '	Ignacio', '	Alcalá negrón', '	iacalan@unac.edu.pe', 481975253, 12505512),
(4, '	Pedro', '	Almora hernandez', '	palmorah@unac.edu.pe', 520718066, 81552772),
(5, '	Esteban', '	Alosilla velazco ', '	ealosillav@unac.edu.pe', 996303740, 84085723),
(6, '	Nicolás', '	Alva campos', '	nalvac@unac.edu.pe', 840379450, 91509084),
(7, '	Alí', '	Arevalo lopez', '	aarevalol@unac.edu.pe', 454682719, 17314435),
(8, '	Víctor', '	Arias hernandez', '	variash@unac.edu.pe', 929674801, 15840584),
(9, '	Marco', '	Arroyo ramírez ', '	marroyor@unac.edu.pe', 399782100, 29003446),
(10, '	Jesús', '	Alocen barrera', '	jalocenb@unac.edu.pe', 586721563, 83523170),
(11, '	Marcos', '	Baiocchi ureta', '	mbaiocchiu@unac.edu.pe', 631984127, 20587797),
(12, '	Diego', '	Baylón rojas', '	dbaylonr@unac.edu.pe', 249585749, 22809858),
(13, '	Sergio', '	Bedoya castillo', '	sberdoyac@unac.edu.pe', 350160428, 18203543),
(14, '	Pablo', '	Bedregal canales', '	pbedregalc@unac.edu.pe', 812213547, 76946542),
(15, '	Francisco', '	Bejar torres', '	fbejart@unac.edu.pe', 204034517, 85059861),
(16, '	Ernesto', '	Benavides espejo', '	ebenavidese@unac.edu.pe', 495406767, 42625407),
(17, '	Jorge', '	Boza solis', '	jbozas@unac.edu.pe', 586271086, 18526319),
(18, '	Gabriel', '	Calle betancourt', '	gcalleb@unac.edu.pe', 360538899, 91416294),
(19, '	Daniel', '	Caraza villegas', '	dcarazav@unac.edu.pe', 342901453, 70240518),
(20, '	Gael', '	Carrera abanto', '	gcarreraa@unac.edu.pe', 256571340, 55052244),
(21, '	Jacob', '	Carrillo segura', '	jcarrillos@unac.edu.pe', 873627415, 75938092),
(22, '	Carlos', '	Carrión neira', '	ccarrionn@unac.edu.pe', 112402085, 46961712),
(23, '	Kevin', '	Casapia valdivia ', '	kcasapiav@unac.edu.pe', 460065217, 67789069),
(24, '	Leonel', '	Chancos mendoza', '	lchancosm@unac.edu.pe', 669330913, 87970854),
(25, '	Javier', '	Chirinos lacotera', '	jchirinos@unac.edu.pe', 872349132, 91791446),
(26, '	Manuel', '	Cores moreno', '	mcoresm@unac.edu.pe', 181279179, 75503140),
(27, '	Antonio', '	Cortez lozano', '	acortezl@unac.edu.pe', 461164057, 96347716),
(28, '	Mateo', '	Crispin quispe', '	mcrispinq@unac.edu.pe', 935328766, 23402994),
(29, '	Juan', '	De loayza conterno ', '	jdeloayzac@unac.edu.pe', 780978268, 73554477),
(30, '	Felipe', '	Diaz salinas', '	fdiazs@unac.edu.pe', 378542730, 51584377),
(31, '	David', '	Dueñas aristisabal', '	ddueñasa@unac.edu.pe', 829634669, 32282409),
(32, '	Alejandro', '	Espinoza arana', '	aespinozaa@unac.edu.pe', 956046038, 67100796),
(33, '	Ángel', '	Fernandez guzman', '	afernandezg@unac.edu.pe', 291951138, 15083771),
(34, '	Caleb', '	Fernandez matta', '	cfernandezm@unac.edu.pe', 797856171, 85893273),
(35, '	Matías', '	Ferro salas', '	mferros@unac.edu.pe', 977571060, 75489770),
(36, '	Amancio', '	Flores romero', '	afloresr@unac.edu.pe', 207568408, 92351988),
(37, '	Luis', '	Gamarra astete', '	lgamarrraa@unac.edu.pe', 353187599, 41088538),
(38, '	Said', '	Gamio lozano', '	sgamiol@unac.edu.pe', 150538154, 68871315),
(39, '	Santiago', '	García peralta', '	sgarciap@unac.edu.pe', 553939584, 39124859),
(40, '	José', '	Gonzales del valle maguiño', '	jgonzalesd@unac.edu.pe', 662519997, 44369614),
(41, '	Emmanuel', '	Gonzales huilca', '	egonzalesh@unac.edu.pe', 963195440, 83605929),
(42, '	Cibran', '	Gonzales medina', '	cgonzalesm@unac.edu.pe', 252851048, 12948880),
(43, '	Hernán', '	Gutierrez velez', '	hgutierrezv@unac.edu.pe', 506363221, 20841304),
(44, '	Antar', '	Guzman chinag', '	aguzmanc@unac.edu.pe', 641562124, 77053476),
(45, '	Tariq', '	Guzman quispe', '	tguzmanq@unac.edu.pe', 760236985, 19094508),
(46, '	Catriel', '	Herrera carbajal ', '	cherrerac@unac.edu.pe', 828890382, 78919836),
(47, '	Rayco', '	Horruitiner martinez', '	rhorruitinerm@unac.edu.pe', 800241903, 42289279),
(48, '	Tinguaro', '	Huamani flores', '	thuamanif@unac.edu.pe', 761849914, 61228063),
(49, '	Izan', '	Huapaya raygada', '	ihuapayar@unac.edu.pe', 173111305, 13514524),
(50, '	Henning', '	Huarcaya quispe', '	hhuarcayaq@unac.edu.pe', 453128128, 65981478),
(51, 'Tegueste', 'Huaytan sau?e', 'huaytan.sau?e@correo.com', 369427511, 37877313),
(52, 'Altaf', 'La rosa fabian ', 'la.fabian@correo.com', 754207367, 63162360),
(53, 'Arrio', 'Landa ginocchio', 'landa.ginocchio@correo.com', 235851708, 44526552),
(54, 'Luzbel', 'Llaja tafur', 'llaja.tafur@correo.com', 651398290, 64582227),
(55, 'Sven', 'Llenpen nunez', 'llenpen.nu?ez@correo.com', 646506823, 81906172),
(56, 'Tareq', 'Lujan venegas', 'lujan.venegas@correo.com', 274938560, 58410019),
(57, 'Nahuel', 'Maguina san yen man', 'maguina.man@correo.com', 210790811, 12543175),
(58, 'Airam', 'Maldonado quispe', 'maldonado.quispe@correo.com', 456288807, 50152557),
(59, 'Dagamundo', 'Maldonado tinco', 'maldonado.tinco@correo.com', 885795432, 50555325),
(60, 'Riyad', 'Mallqui celestino', 'mallqui.celestino@correo.com', 762379220, 58457226),
(61, 'Gamal', 'Mamani uchasara', 'mamani.uchasara@correo.com', 152926058, 22219206),
(62, 'Jonay', 'Maravi navarro', 'maravi.navarro@correo.com', 414983181, 40725423),
(63, 'Samay', 'Martinez marquez', 'martinez.marquez@correo.com', 587841990, 41895579),
(64, 'Bjrn', 'Medina zuta', 'medina.zuta@correo.com', 869963385, 80460543),
(65, 'Altair', 'Melgarejo vibes', 'melgarejo.vibes@correo.com', 993542929, 20401263),
(66, 'Dorian', 'Miguel holgado', 'miguel.holgado@correo.com', 703572314, 22055663),
(67, 'Carl', 'Mori ramirez', 'mori.ramirez@correo.com', 394178342, 63739725),
(68, 'Txomin', 'Nunez huayanay', 'nunez.huayanay@correo.com', 238304739, 69205304),
(69, 'Lars', 'Ore reyes', 'ore.reyes@correo.com', 844850888, 42395374),
(70, 'Magnus', 'Orrillo ortiz', 'orrillo.ortiz@correo.com', 339783963, 53883026),
(71, 'Seamus', 'Orrillo ortiz', 'orrillo.ortiz@correo.com', 639694076, 36766751),
(72, 'Argimiro', 'Pardave camacho', 'pardave.camacho@correo.com', 423710915, 14848925),
(73, 'Patricia', 'Paredes jaramillo', 'paredes.jaramillo@correo.com', 496365245, 24895098),
(74, 'Abigail', 'Pastor porras', 'pastor.porras@correo.com', 446307118, 12554905),
(75, 'Judith', 'Pinedo nunez', 'pinedo.nunez@correo.com', 306864778, 47927008),
(76, 'Guadalupe', 'Prada vilchez', 'prada.vilchez@correo.com', 754884452, 34573937),
(77, 'Beln', 'Riega calle', 'riega.calle@correo.com', 519416899, 18355219),
(78, 'Luciana', 'Rios lima', 'rios.lima@correo.com', 638250229, 93741287),
(79, 'Julia', 'Rios lima', 'rios.lima@correo.com', 586919437, 69943859),
(80, 'Elena', 'Riquelme miranda', 'riquelme.miranda@correo.com', 997414090, 93212454),
(81, 'Raquel', 'Roa yanac', 'roa.yanac@correo.com', 197648733, 63796728),
(82, 'Marta', 'Robles valverde', 'robles.valverde@correo.com', 624721414, 87745049),
(83, 'Silvia', 'Rodriguez farias', 'rodriguez.farias@correo.com', 292443673, 78613124),
(84, 'Eva', 'Rojas valdivia', 'rojas.valdivia@correo.com', 157073329, 60654371),
(85, 'Helena', 'Romero gomez sanchez', 'romero.sanchez@correo.com', 862852894, 73160643),
(86, 'Camila', 'Rosales flores', 'rosales.flores@correo.com', 522247466, 69613180),
(87, 'Alba', 'Rosas bonifaz', 'rosas.bonifaz@correo.com', 150920750, 24022491),
(88, 'Alaia', 'Ruiz de castilla britto', 'ruiz.britto@correo.com', 360582963, 66270419),
(89, 'Jacqueline', 'Salcedo del pino', 'salcedo.pino@correo.com', 912170390, 21178108),
(90, 'Teresa', 'Salinas puccio', 'salinas.puccio@correo.com', 688745050, 48621518),
(91, 'Isabel', 'Sanchez arone', 'sanchez.arone@correo.com', 818876101, 86580650),
(92, 'Carmen', 'Santa cruz benssa', 'santa.benssa@correo.com', 733186063, 88374500),
(93, 'Sara', 'Solano vargas', 'solano.vargas@correo.com', 868387868, 59609371),
(94, 'Ana', 'Tejedo luna', 'tejedo.luna@correo.com', 579264303, 72770487),
(95, 'Maria', 'Tenorio davila ', 'tenorio.davila@correo.com', 266529904, 23295977),
(96, 'Mencia', 'Torres gaspar ', 'torres.gaspar@correo.com', 673441773, 74160357),
(97, 'Victoria', 'Trujillo parodi', 'trujillo.parodi@correo.com', 704717061, 63236275),
(98, 'Laura', 'Vega carreazo', 'vega.carreazo@correo.com', 664831709, 85166064),
(99, 'Ainhoa', 'Velasquez ramos', 'velasquez.ramos@correo.com', 838084548, 78186440),
(100, 'Anisa', 'Vera silva', 'vera.silva@correo.com', 778248134, 74629820);

-- --------------------------------------------------------

--
-- Estructura de tabla para la tabla `alumno_detalle`
--

CREATE TABLE `alumno_detalle` (
  `idalum` int(11) NOT NULL,
  `grupo` varchar(10) NOT NULL,
  `carrera` varchar(30) NOT NULL,
  `turno` varchar(10) NOT NULL
) ENGINE=InnoDB DEFAULT CHARSET=utf8mb4;

--
-- Volcado de datos para la tabla `alumno_detalle`
--

INSERT INTO `alumno_detalle` (`idalum`, `grupo`, `carrera`, `turno`) VALUES
(0, '2020B', 'Administrador', ''),
(1, '2020B', 'Ingeniería Sistemas', 'Tarde'),
(2, '	2020B', '	Ciencias contables', 'Mañana'),
(3, '	2020B', '	Economía', 'Mañana'),
(4, '	2020B', '	Ing. Ambiental', 'Mañana'),
(5, '	2020B', '	Ingeniería Electrónica', 'Mañana'),
(6, '	2020B', '	Ingeniería Eléctrica', 'Mañana'),
(7, '	2020B', '	Ingeniería Industrial', 'Mañana'),
(8, '	2020B', '	Ingeniería Mecánica', 'Mañana'),
(9, '	2020B', '	Ingeniería Pesquera', 'Mañana'),
(10, '	2020B', '	Ingeniería Química', 'Mañana'),
(11, '	2020B', '	Ingeniería Sistemas', 'Mañana'),
(12, '	2020B', '	Ingeniería en Alimentos', 'Mañana'),
(13, '	2020B', '	Ingeniería en Energía', 'Mañana'),
(14, '	2020B', '	Ciencias Física', 'Mañana'),
(15, '	2020B', '	Ciencias Matemáticas', 'Mañana'),
(16, '	2020B', '	Ciencias Administrativas', 'Mañana'),
(17, '	2020B', '	Ciencias contables', 'Mañana'),
(18, '	2020B', '	Economía', 'Mañana'),
(19, '	2020B', '	Ing. Ambiental', 'Mañana'),
(20, '	2020B', '	Ingeniería Electrónica', 'Mañana'),
(21, '	2020B', '	Ingeniería Eléctrica', 'Mañana'),
(22, '	2020B', '	Ingeniería Industrial', 'Mañana'),
(23, '	2020B', '	Ingeniería Mecánica', 'Mañana'),
(24, '	2020B', '	Ingeniería Pesquera', 'Mañana'),
(25, '	2020B', '	Ingeniería Química', 'Mañana'),
(26, '	2020B', '	Ingeniería Sistemas', 'Mañana'),
(27, '	2020B', '	Ingeniería en Alimentos', 'Mañana'),
(28, '	2020B', '	Ingeniería en Energía', 'Mañana'),
(29, '	2020B', '	Ciencias Física', 'Mañana'),
(30, '	2020B', '	Ciencias Matemáticas', 'Mañana'),
(31, '	2020B', '	Ciencias Administrativas', 'Mañana'),
(32, '	2020B', '	Ciencias contables', 'Mañana'),
(33, '	2020B', '	Economía', 'Mañana'),
(34, '	2020B', '	Ing. Ambiental', 'Mañana'),
(35, '	2020B', '	Ingeniería Electrónica', 'Mañana'),
(36, '	2020B', '	Ingeniería Eléctrica', 'Mañana'),
(37, '	2020B', '	Ingeniería Industrial', 'Mañana'),
(38, '	2020B', '	Ingeniería Mecánica', 'Mañana'),
(39, '	2020B', '	Ingeniería Pesquera', 'Mañana'),
(40, '	2020B', '	Ingeniería Química', 'Mañana'),
(41, '	2020B', '	Ingeniería Sistemas', 'Mañana'),
(42, '	2020B', '	Ingeniería en Alimentos', 'Mañana'),
(43, '	2020B', '	Ingeniería en Energía', 'Mañana'),
(44, '	2020B', '	Ciencias Física', 'Mañana'),
(45, '	2020B', '	Ciencias Matemáticas', 'Mañana'),
(46, '	2020B', '	Ciencias Administrativas', 'Mañana'),
(47, '	2020B', '	Ciencias contables', 'Mañana'),
(48, '	2020B', '	Economía', 'Mañana'),
(49, '	2020B', '	Ing. Ambiental', 'Mañana'),
(50, '	2020B', '	Ingeniería Electrónica', 'Mañana'),
(51, '2020B', 'Ingenieria Electrica', 'Tarde'),
(52, '2020B', 'Ingenieria Industrial', 'Tarde'),
(53, '2020B', 'Ingenieria Mecanica', 'Tarde'),
(54, '2020B', 'Ingenieria Pesquera', 'Tarde'),
(55, '2020B', 'Ingenieria Quimica', 'Tarde'),
(56, '2020B', 'Ingenieria Sistemas', 'Tarde'),
(57, '2020B', 'Ingenieria en Alimentos', 'Tarde'),
(58, '2020B', 'Ingenieria en Energia', 'Tarde'),
(59, '2020B', 'Ciencias Fisica', 'Tarde'),
(60, '2020B', 'Ciencias Matematicas', 'Tarde'),
(61, '2020B', 'Ciencias Administrativas', 'Tarde'),
(62, '2020B', 'Ciencias contables', 'Tarde'),
(63, '2020B', 'Economia', 'Tarde'),
(64, '2020B', 'Ingenieria Ambiental', 'Tarde'),
(65, '2020B', 'Ingenieria Electronica', 'Tarde'),
(66, '2020B', 'Ingenieria Electrica', 'Tarde'),
(67, '2020B', 'Ingenieria Industrial', 'Tarde'),
(68, '2020B', 'Ingenieria Mecanica', 'Tarde'),
(69, '2020B', 'Ingenieria Pesquera', 'Tarde'),
(70, '2020B', 'Ingenieria Quimica', 'Tarde'),
(71, '2020B', 'Ingenieria Sistemas', 'Tarde'),
(72, '2020B', 'Ingenieria en Alimentos', 'Tarde'),
(73, '2020B', 'Ingenieria en Energia', 'Tarde'),
(74, '2020B', 'Ciencias Fisica', 'Tarde'),
(75, '2020B', 'Ciencias Matematicas', 'Tarde'),
(76, '2020B', 'Ciencias Administrativas', 'Tarde'),
(77, '2020B', 'Ciencias contables', 'Tarde'),
(78, '2020B', 'Economia', 'Tarde'),
(79, '2020B', 'Ingenieria Ambiental', 'Tarde'),
(80, '2020B', 'Ingenieria Electronica', 'Tarde'),
(81, '2020B', 'Ingenieria Electrica', 'Tarde'),
(82, '2020B', 'Ingenieria Industrial', 'Tarde'),
(83, '2020B', 'Ingenieria Mecanica', 'Tarde'),
(84, '2020B', 'Ingenieria Pesquera', 'Tarde'),
(85, '2020B', 'Ingenieria Quimica', 'Tarde'),
(86, '2020B', 'Ingenieria Sistemas', 'Tarde'),
(87, '2020B', 'Ingenieria en Alimentos', 'Tarde'),
(88, '2020B', 'Ingenieria en Energia', 'Tarde'),
(89, '2020B', 'Ciencias Fisica', 'Tarde'),
(90, '2020B', 'Ciencias Matematicas', 'Tarde'),
(91, '2020B', 'Ciencias Administrativas', 'Tarde'),
(92, '2020B', 'Ciencias contables', 'Tarde'),
(93, '2020B', 'Economia', 'Tarde'),
(94, '2020B', 'Ingenieria Ambiental', 'Tarde'),
(95, '2020B', 'Ingenieria Electronica', 'Tarde'),
(96, '2020B', 'Ingenieria Electrica', 'Tarde'),
(97, '2020B', 'Ingenieria Industrial', 'Tarde'),
(98, '2020B', 'Ingenieria Mecanica', 'Tarde'),
(99, '2020B', 'Ingenieria Pesquera', 'Tarde'),
(100, '2020B', 'Ingenieria Quimica', 'Tarde');

-- --------------------------------------------------------

--
-- Estructura de tabla para la tabla `alumno_usuario`
--

CREATE TABLE `alumno_usuario` (
  `id` int(10) NOT NULL,
  `usuario` varchar(50) NOT NULL,
  `password` varchar(20) NOT NULL,
  `TipoUsuario` int(2) NOT NULL
) ENGINE=InnoDB DEFAULT CHARSET=utf8mb4;

--
-- Volcado de datos para la tabla `alumno_usuario`
--

INSERT INTO `alumno_usuario` (`id`, `usuario`, `password`, `TipoUsuario`) VALUES
(0, 'admin@cepreunac.edu.pe', 'tareaunac', 1),
(1, 'acevedo.jhong@correo.com', '123456', 0),
(2, 'bagurtor@cepreunac.edu.pe', 'VDENJM56312', 0),
(3, 'iacalan@cepreunac.edu.pe', 'VWGOSQ21896', 0),
(4, 'palmorah@cepreunac.edu.pe', 'SXWHMR39728', 0),
(5, 'ealosillav@cepreunac.edu.pe', 'WZAMKR62249', 0),
(6, 'nalvac@cepreunac.edu.pe', 'WZVCAF99100', 0),
(7, 'aarevalol@cepreunac.edu.pe', 'LGZUTD23012', 0),
(8, 'variash@cepreunac.edu.pe', 'SZQUZT00290', 0),
(9, 'marroyor@cepreunac.edu.pe', 'XGHJFS28335', 0),
(10, 'jalocenb@cepreunac.edu.pe', 'WSLCFM43398', 0),
(11, 'mbaiocchiu@cepreunac.edu.pe', 'BDFFCY15476', 0),
(12, 'dbaylonr@cepreunac.edu.pe', 'CWAUOA73297', 0),
(13, 'sberdoyac@cepreunac.edu.pe', 'HSUDVN94582', 0),
(14, 'pbedregalc@cepreunac.edu.pe', 'ARSPAC34563', 0),
(15, 'fbejart@cepreunac.edu.pe', 'CJORNN50993', 0),
(16, 'ebenavidese@cepreunac.edu.pe', 'XTYMQY87546', 0),
(17, 'jbozas@cepreunac.edu.pe', 'LILHAL65679', 0),
(18, 'gcalleb@cepreunac.edu.pe', 'NYNHRX85892', 0),
(19, 'dcarazav@cepreunac.edu.pe', 'ZBECMV93682', 0),
(20, 'gcarreraa@cepreunac.edu.pe', 'FPCFTD71845', 0),
(21, 'jcarrillos@cepreunac.edu.pe', 'PZGJMX18722', 0),
(22, 'ccarrionn@cepreunac.edu.pe', 'NYTCXN16602', 0),
(23, 'kcasapiav@cepreunac.edu.pe', 'VPPLTH40920', 0),
(24, 'lchancosm@cepreunac.edu.pe', 'BYHULY98898', 0),
(25, 'jchirinos@cepreunac.edu.pe', 'YGDLQL63782', 0),
(26, 'mcoresm@cepreunac.edu.pe', 'ZKHNUF02141', 0),
(27, 'acortezl@cepreunac.edu.pe', 'JMUQNM86600', 0),
(28, 'mcrispinq@cepreunac.edu.pe', 'HUFSGX94146', 0),
(29, 'jdeloayzac@cepreunac.edu.pe', 'OLVWAB16347', 0),
(30, 'fdiazs@cepreunac.edu.pe', 'TEZBRF58735', 0),
(31, 'ddueñasa@cepreunac.edu.pe', 'CFAWWJ48843', 0),
(32, 'aespinozaa@cepreunac.edu.pe', 'WEWTOT00654', 0),
(33, 'afernandezg@cepreunac.edu.pe', 'UVYMBB74267', 0),
(34, 'cfernandezm@cepreunac.edu.pe', 'WZVUZH56969', 0),
(35, 'mferros@cepreunac.edu.pe', 'PFLXPF12532', 0),
(36, 'afloresr@cepreunac.edu.pe', 'DXJNIV99232', 0),
(37, 'lgamarrraa@cepreunac.edu.pe', 'DDIGBD63425', 0),
(38, 'sgamiol@cepreunac.edu.pe', 'ZVOLSY49369', 0),
(39, 'sgarciap@cepreunac.edu.pe', 'CLBLHV01097', 0),
(40, 'jgonzalesd@cepreunac.edu.pe', 'BVECXI15826', 0),
(41, 'egonzalesh@cepreunac.edu.pe', 'MHEMOH50485', 0),
(42, 'cgonzalesm@cepreunac.edu.pe', 'RIYTLZ11372', 0),
(43, 'hgutierrezv@cepreunac.edu.pe', 'XJTZXM47662', 0),
(44, 'aguzmanc@cepreunac.edu.pe', 'JOIXIY70801', 0),
(45, 'tguzmanq@cepreunac.edu.pe', 'JGBCUF50174', 0),
(46, 'cherrerac@cepreunac.edu.pe', 'RSUIZI37518', 0),
(47, 'rhorruitinerm@cepreunac.edu.pe', 'ZFBZUM82702', 0),
(48, 'thuamanif@cepreunac.edu.pe', 'NRSRLD11817', 0),
(49, 'ihuapayar@cepreunac.edu.pe', 'XAAPUF08608', 0),
(50, 'hhuarcayaq@cepreunac.edu.pe', 'CCELAG97407', 0),
(51, 'thuaytans@cepreunac.edu.pe', 'UHLRLM97128', 0),
(52, 'alarosaf@cepreunac.edu.pe', 'UIXJDH55153', 0),
(53, 'alandag@cepreunac.edu.pe', 'ZZGDWM56757', 0),
(54, 'lllajat@cepreunac.edu.pe', 'ZJOEJC98136', 0),
(55, 'sllenpenn@cepreunac.edu.pe', 'UNGXYZ24484', 0),
(56, 'tlujanv@cepreunac.edu.pe', 'QVPQSF46073', 0),
(57, 'nmaguinas@cepreunac.edu.pe', 'TFCZZL12720', 0),
(58, 'amaldonadoq@cepreunac.edu.pe', 'GOYCFW42400', 0),
(59, 'dmaldonadot@cepreunac.edu.pe', 'SDXERB00278', 0),
(60, 'rmallquic@cepreunac.edu.pe', 'DDXMYG63814', 0),
(61, 'gmamaniu@cepreunac.edu.pe', 'NZHJVL97556', 0),
(62, 'jmaravin@cepreunac.edu.pe', 'CTYCXO95869', 0),
(63, 'smartinezm@cepreunac.edu.pe', 'JGYGJH11286', 0),
(64, 'bmedinaz@cepreunac.edu.pe', 'FPWSZU78170', 0),
(65, 'amelgarejov@cepreunac.edu.pe', 'XUODCB13519', 0),
(66, 'dmiguelh@cepreunac.edu.pe', 'FPBZQC21592', 0),
(67, 'cmorir@cepreunac.edu.pe', 'ONRDIZ50425', 0),
(68, 'tnunezh@cepreunac.edu.pe', 'ZUDNMA78735', 0),
(69, 'lorer@cepreunac.edu.pe', 'ZLSHRZ17790', 0),
(70, 'morrilloo@cepreunac.edu.pe', 'NNNEJR13212', 0),
(71, 'sorrilloo@cepreunac.edu.pe', 'FMKBVL59288', 0),
(72, 'apardavec@cepreunac.edu.pe', 'UCMSTR97333', 0),
(73, 'pparedesj@cepreunac.edu.pe', 'CHCAAC96386', 0),
(74, 'apastorp@cepreunac.edu.pe', 'UPCHKP51000', 0),
(75, 'jpinedon@cepreunac.edu.pe', 'GPUJYW76690', 0),
(76, 'gpradav@cepreunac.edu.pe', 'DTVYEO90662', 0),
(77, 'briegac@cepreunac.edu.pe', 'TGWLYN99867', 0),
(78, 'lriosl@cepreunac.edu.pe', 'TNLVNO68483', 0),
(79, 'jriosl@cepreunac.edu.pe', 'CKGXUL65935', 0),
(80, 'eriquelmem@cepreunac.edu.pe', 'EKLJAX57662', 0),
(81, 'rroay@cepreunac.edu.pe', 'QVUQRF13410', 0),
(82, 'mroblesv@cepreunac.edu.pe', 'DOOLNY27949', 0),
(83, 'srodriguezf@cepreunac.edu.pe', 'RAJUAP03338', 0),
(84, 'erojasv@cepreunac.edu.pe', 'REISHF12172', 0),
(85, 'hromerog@cepreunac.edu.pe', 'BLXDMO59703', 0),
(86, 'crosalesf@cepreunac.edu.pe', 'DYEBCO85411', 0),
(87, 'arosasb@cepreunac.edu.pe', 'YMLICN07248', 0),
(88, 'aruizd@cepreunac.edu.pe', 'ADPVOO72330', 0),
(89, 'jsalcedod@cepreunac.edu.pe', 'TYSOPH02813', 0),
(90, 'tsalinasp@cepreunac.edu.pe', 'FGFSME39171', 0),
(91, 'isancheza@cepreunac.edu.pe', 'SKIEEH21275', 0),
(92, 'csantac@cepreunac.edu.pe', 'NREGYQ05267', 0),
(93, 'ssolanov@cepreunac.edu.pe', 'WECBUT11042', 0),
(94, 'atejedol@cepreunac.edu.pe', 'BSPRIZ74797', 0),
(95, 'mtenoriod@cepreunac.edu.pe', 'YZYRTJ60360', 0),
(96, 'mtorresg@cepreunac.edu.pe', 'FLBOBY69615', 0),
(97, 'vtrujillop@cepreunac.edu.pe', 'KRCNFH37310', 0),
(98, 'lvegac@cepreunac.edu.pe', 'PBUGBE21180', 0),
(99, 'avelasquezr@cepreunac.edu.pe', 'TYWIHW10345', 0),
(100, 'averas@cepreunac.edu.pe', 'LNUYOB64692', 0);

-- --------------------------------------------------------

--
-- Estructura de tabla para la tabla `carrera_vacante`
--

CREATE TABLE `carrera_vacante` (
  `idCarrera` int(11) NOT NULL,
  `nombreCarrera` varchar(50) NOT NULL,
  `bloque` varchar(10) NOT NULL,
  `Vacantes` int(20) NOT NULL
) ENGINE=InnoDB DEFAULT CHARSET=utf8mb4;

--
-- Volcado de datos para la tabla `carrera_vacante`
--

INSERT INTO `carrera_vacante` (`idCarrera`, `nombreCarrera`, `bloque`, `Vacantes`) VALUES
(1, 'Ingeniería Eléctrica', 'I', 5),
(2, 'Ingeniería Electrónica', 'I', 5),
(3, 'Ingeniería de Alimentos', 'I', 5),
(4, 'Ingeniería Pesquera', 'I', 4),
(5, 'Ingeniería Industrial', 'I', 3),
(6, 'Ingeniería de Sistemas', 'I', 4),
(7, 'Ingeniería Química', 'I', 2),
(8, 'Ingeniería Mecánica', 'I', 6),
(9, 'Ingeniería en Energía', 'I', 5),
(10, 'Física', 'I ', 2),
(11, 'Matemática', 'I', 3),
(12, 'Ingeniería Ambiental y de Recursos Naturales', 'I', 5),
(13, 'Administración', 'II', 5),
(14, 'Contabilidad', 'II', 4),
(15, 'Economía', 'II', 3),
(16, 'Enfermería', 'III', 2),
(17, 'Eduación Física', 'III', 3);

-- --------------------------------------------------------

--
-- Estructura de tabla para la tabla `cronograma`
--

CREATE TABLE `cronograma` (
  `id` int(11) NOT NULL,
  `fecha` varchar(50) NOT NULL,
  `actividad` varchar(50) NOT NULL
) ENGINE=InnoDB DEFAULT CHARSET=utf8mb4;

--
-- Volcado de datos para la tabla `cronograma`
--

INSERT INTO `cronograma` (`id`, `fecha`, `actividad`) VALUES
(1, '25/12/2020', 'Navidad : Se cancelan las clases por festividades'),
(8, '31/12/2020', 'Año Nuevo : No habrá Clases por año nuevo'),
(9, '01/01/2021', 'Saludo de Año nuevo'),
(10, '15/01/2021', '3to Examen de el Centro Pre - Universitario'),
(11, '30/01/2021', 'Aniversario del Centro Pre Universitario');

-- --------------------------------------------------------

--
-- Estructura de tabla para la tabla `cursos`
--

CREATE TABLE `cursos` (
  `idCurso` varchar(10) DEFAULT NULL,
  `nombreCurso` varchar(50) NOT NULL
) ENGINE=InnoDB DEFAULT CHARSET=utf8mb4;

--
-- Volcado de datos para la tabla `cursos`
--

INSERT INTO `cursos` (`idCurso`, `nombreCurso`) VALUES
('C01', 'Historia'),
('C02', 'Psicología'),
('C03', 'Aritmética'),
('C04', 'Álgebra'),
('C05', 'Geometría'),
('C06', 'Trigonometría'),
('C07', 'Física'),
('C08', 'Química'),
('C09', 'Biología'),
('C10', 'Lenguaje'),
('C11', 'Literatura'),
('C12', 'Geografía'),
('C13', 'Razonamiento Verbal'),
('C14', 'Razonamiento Matemático'),
('C15', 'Economía'),
('C16', 'Valores'),
('C17', 'Filosofía');

-- --------------------------------------------------------

--
-- Estructura de tabla para la tabla `examen_curso`
--

CREATE TABLE `examen_curso` (
  `idExamen` varchar(10) NOT NULL,
  `idAlumno` int(10) NOT NULL,
  `C01` int(10) NOT NULL DEFAULT 0,
  `C02` int(10) NOT NULL DEFAULT 0,
  `C03` int(10) NOT NULL DEFAULT 0,
  `C04` int(10) NOT NULL DEFAULT 0,
  `C05` int(10) NOT NULL DEFAULT 0,
  `C06` int(10) NOT NULL DEFAULT 0,
  `C07` int(10) NOT NULL DEFAULT 0,
  `C08` int(10) NOT NULL DEFAULT 0,
  `C09` int(10) NOT NULL DEFAULT 0,
  `C10` int(10) NOT NULL DEFAULT 0,
  `C11` int(10) NOT NULL DEFAULT 0,
  `C12` int(10) NOT NULL DEFAULT 0,
  `C13` int(10) NOT NULL DEFAULT 0,
  `C14` int(10) NOT NULL DEFAULT 0,
  `C15` int(10) NOT NULL DEFAULT 0,
  `C16` int(10) NOT NULL DEFAULT 0,
  `C17` int(10) NOT NULL DEFAULT 0,
  `malas` int(10) NOT NULL DEFAULT 0
) ENGINE=InnoDB DEFAULT CHARSET=utf8mb4;

--
-- Volcado de datos para la tabla `examen_curso`
--

INSERT INTO `examen_curso` (`idExamen`, `idAlumno`, `C01`, `C02`, `C03`, `C04`, `C05`, `C06`, `C07`, `C08`, `C09`, `C10`, `C11`, `C12`, `C13`, `C14`, `C15`, `C16`, `C17`, `malas`) VALUES
('2020B-01 ', 1, 2, 0, 2, 2, 9, 2, 3, 0, 2, 4, 1, 0, 5, 2, 0, 1, 1, 26),
('2020B-01 ', 2, 2, 0, 2, 2, 9, 2, 3, 0, 2, 4, 1, 0, 5, 2, 0, 1, 1, 26),
('2020B-01 ', 3, 1, 0, 0, 3, 2, 4, 4, 1, 2, 5, 1, 1, 8, 6, 1, 1, 0, 2),
('2020B-01 ', 4, 4, 4, 0, 0, 1, 3, 4, 2, 1, 0, 0, 3, 5, 10, 1, 3, 0, 7),
('2020B-01 ', 5, 4, 3, 0, 4, 9, 2, 3, 0, 3, 6, 1, 0, 4, 12, 2, 3, 1, 3),
('2020B-01 ', 6, 1, 3, 2, 1, 8, 0, 0, 3, 3, 4, 2, 0, 0, 10, 0, 2, 0, 4),
('2020B-01 ', 7, 2, 2, 4, 4, 9, 4, 4, 2, 0, 1, 4, 1, 15, 12, 1, 4, 3, 20),
('2020B-01 ', 8, 0, 4, 1, 1, 0, 2, 0, 3, 0, 5, 3, 3, 8, 14, 4, 3, 2, 5),
('2020B-01 ', 9, 4, 0, 0, 4, 6, 2, 1, 0, 1, 0, 4, 2, 3, 15, 4, 3, 1, 50),
('2020B-01 ', 10, 2, 4, 1, 0, 5, 1, 2, 3, 4, 4, 2, 1, 1, 0, 4, 0, 1, 7),
('2020B-01 ', 11, 1, 2, 1, 0, 3, 2, 1, 2, 4, 4, 0, 0, 5, 13, 4, 0, 1, 13),
('2020B-01 ', 12, 0, 4, 2, 2, 4, 2, 2, 1, 3, 3, 4, 0, 1, 10, 2, 3, 0, 54),
('2020B-01 ', 13, 1, 3, 4, 3, 1, 3, 4, 2, 3, 6, 0, 2, 4, 0, 3, 4, 1, 21),
('2020B-01 ', 14, 0, 0, 1, 1, 2, 1, 3, 2, 1, 3, 4, 1, 15, 2, 3, 3, 3, 13),
('2020B-01 ', 15, 2, 1, 4, 2, 7, 1, 1, 1, 0, 1, 3, 4, 5, 14, 1, 1, 3, 7),
('2020B-01 ', 16, 2, 4, 0, 2, 1, 2, 2, 0, 4, 5, 1, 1, 14, 3, 0, 4, 4, 28),
('2020B-01 ', 17, 2, 0, 4, 3, 7, 3, 4, 4, 2, 0, 3, 3, 12, 1, 1, 3, 3, 15),
('2020B-01 ', 18, 2, 2, 3, 3, 7, 1, 0, 3, 0, 5, 0, 4, 5, 9, 4, 3, 2, 38),
('2020B-01 ', 19, 2, 1, 0, 2, 5, 1, 0, 3, 2, 1, 1, 4, 10, 7, 0, 2, 2, 12),
('2020B-01 ', 20, 4, 2, 0, 2, 5, 3, 3, 0, 2, 6, 3, 4, 9, 3, 3, 0, 2, 6),
('2020B-01 ', 21, 3, 1, 3, 1, 6, 3, 3, 2, 2, 8, 1, 4, 5, 14, 2, 0, 1, 34),
('2020B-01 ', 22, 1, 3, 1, 2, 5, 1, 2, 0, 4, 7, 1, 2, 1, 5, 0, 0, 4, 30),
('2020B-01 ', 23, 2, 1, 2, 4, 10, 3, 1, 4, 0, 2, 2, 0, 10, 3, 2, 3, 3, 20),
('2020B-01 ', 24, 2, 1, 1, 4, 9, 2, 2, 3, 0, 8, 0, 4, 12, 11, 2, 2, 0, 28),
('2020B-01 ', 25, 2, 3, 2, 0, 6, 0, 3, 3, 3, 2, 4, 0, 13, 6, 2, 2, 2, 8),
('2020B-01 ', 26, 1, 4, 0, 0, 0, 3, 4, 3, 4, 4, 4, 0, 13, 14, 3, 1, 1, 15),
('2020B-01 ', 27, 1, 1, 4, 4, 10, 1, 1, 0, 1, 3, 2, 2, 13, 7, 0, 4, 2, 13),
('2020B-01 ', 28, 0, 2, 1, 3, 8, 0, 3, 2, 2, 0, 0, 0, 13, 4, 0, 0, 1, 17),
('2020B-01 ', 29, 0, 3, 3, 4, 3, 1, 2, 2, 1, 8, 0, 1, 5, 0, 2, 1, 0, 15),
('2020B-01 ', 30, 1, 1, 0, 4, 8, 4, 4, 4, 3, 7, 4, 0, 15, 4, 4, 2, 0, 32),
('2020B-01 ', 31, 1, 3, 3, 3, 9, 2, 0, 2, 2, 8, 3, 0, 10, 6, 0, 4, 1, 37),
('2020B-01 ', 32, 2, 1, 2, 1, 0, 3, 0, 2, 2, 1, 0, 4, 2, 14, 2, 4, 3, 15),
('2020B-01 ', 33, 2, 1, 2, 4, 6, 2, 4, 1, 0, 5, 3, 1, 7, 4, 1, 2, 4, 12),
('2020B-01 ', 34, 3, 0, 3, 2, 10, 1, 1, 3, 1, 3, 0, 2, 14, 13, 2, 1, 4, 14),
('2020B-01 ', 35, 3, 4, 4, 3, 9, 4, 2, 1, 2, 5, 4, 3, 12, 5, 1, 1, 4, 25),
('2020B-01 ', 36, 4, 3, 0, 2, 4, 3, 0, 3, 2, 7, 0, 0, 10, 12, 0, 4, 0, 27),
('2020B-01 ', 37, 2, 1, 2, 4, 2, 0, 1, 4, 1, 4, 4, 1, 7, 6, 1, 3, 3, 9),
('2020B-01 ', 38, 0, 0, 4, 4, 3, 3, 2, 0, 2, 3, 0, 3, 10, 0, 0, 1, 0, 14),
('2020B-01 ', 39, 4, 2, 2, 4, 2, 3, 2, 3, 0, 0, 2, 0, 8, 0, 1, 0, 4, 8),
('2020B-01 ', 40, 2, 1, 2, 1, 3, 3, 0, 2, 2, 5, 0, 0, 3, 4, 2, 0, 0, 37),
('2020B-01 ', 41, 0, 2, 1, 4, 4, 4, 3, 3, 4, 7, 0, 2, 6, 9, 0, 2, 1, 44),
('2020B-01 ', 42, 1, 2, 3, 1, 1, 1, 3, 4, 2, 4, 0, 4, 7, 11, 3, 4, 0, 43),
('2020B-01 ', 43, 2, 2, 1, 2, 9, 3, 4, 0, 3, 4, 2, 2, 14, 2, 0, 3, 4, 28),
('2020B-01 ', 44, 3, 0, 4, 1, 9, 4, 4, 4, 4, 5, 2, 2, 13, 13, 1, 2, 0, 22),
('2020B-01 ', 45, 4, 1, 2, 0, 5, 1, 1, 0, 4, 7, 2, 1, 10, 10, 2, 1, 1, 10),
('2020B-01 ', 46, 4, 0, 3, 0, 6, 2, 1, 2, 3, 5, 1, 3, 2, 13, 4, 1, 0, 50),
('2020B-01 ', 47, 1, 4, 4, 4, 4, 0, 0, 3, 3, 3, 0, 2, 6, 7, 0, 2, 0, 48),
('2020B-01 ', 48, 4, 2, 2, 1, 4, 3, 2, 2, 1, 7, 4, 3, 13, 0, 3, 2, 0, 44),
('2020B-01 ', 49, 3, 0, 0, 2, 5, 0, 0, 2, 2, 6, 3, 1, 6, 1, 4, 4, 0, 61),
('2020B-01 ', 50, 0, 0, 2, 1, 7, 0, 0, 2, 2, 7, 1, 3, 11, 11, 3, 3, 0, 13),
('2020B-01 ', 51, 1, 3, 2, 3, 1, 2, 3, 0, 3, 6, 3, 2, 14, 0, 1, 0, 1, 42),
('2020B-01 ', 52, 3, 0, 1, 3, 9, 2, 1, 3, 1, 7, 2, 0, 6, 13, 2, 4, 1, 25),
('2020B-01 ', 53, 3, 4, 1, 0, 5, 3, 2, 0, 0, 7, 4, 4, 12, 10, 4, 2, 4, 28),
('2020B-01 ', 54, 3, 2, 0, 0, 3, 1, 1, 2, 1, 1, 0, 1, 10, 14, 2, 2, 1, 52),
('2020B-01 ', 55, 3, 1, 2, 2, 10, 1, 4, 1, 3, 8, 1, 4, 7, 12, 4, 0, 0, 16),
('2020B-01 ', 56, 0, 2, 2, 4, 5, 2, 3, 3, 1, 8, 0, 1, 6, 14, 4, 1, 1, 3),
('2020B-01 ', 57, 1, 3, 2, 0, 4, 2, 0, 4, 3, 3, 1, 1, 8, 1, 1, 0, 0, 29),
('2020B-01 ', 58, 0, 4, 2, 3, 9, 1, 1, 3, 2, 0, 3, 3, 13, 1, 2, 3, 1, 41),
('2020B-01 ', 59, 1, 1, 4, 0, 9, 0, 3, 1, 2, 8, 1, 3, 9, 15, 4, 2, 0, 6),
('2020B-01 ', 60, 4, 4, 1, 4, 3, 0, 0, 0, 4, 4, 1, 1, 4, 3, 2, 1, 0, 19),
('2020B-01 ', 61, 3, 1, 0, 3, 2, 4, 4, 3, 4, 2, 2, 1, 1, 13, 1, 0, 3, 12),
('2020B-01 ', 62, 4, 0, 3, 3, 3, 0, 0, 0, 4, 4, 4, 0, 9, 1, 2, 0, 1, 17),
('2020B-01 ', 63, 1, 1, 2, 0, 2, 1, 4, 2, 2, 6, 1, 1, 3, 5, 2, 2, 2, 6),
('2020B-01 ', 64, 1, 4, 0, 3, 8, 4, 3, 3, 2, 6, 4, 1, 0, 1, 3, 2, 4, 20),
('2020B-01 ', 65, 2, 4, 0, 3, 8, 4, 1, 2, 0, 2, 2, 0, 1, 3, 1, 0, 2, 21),
('2020B-01 ', 66, 0, 3, 2, 4, 0, 0, 0, 1, 0, 5, 3, 0, 3, 14, 4, 4, 0, 57),
('2020B-01 ', 67, 0, 4, 1, 3, 9, 2, 4, 4, 2, 1, 1, 0, 6, 1, 0, 2, 1, 8),
('2020B-01 ', 68, 1, 4, 1, 3, 3, 3, 0, 3, 4, 4, 1, 0, 15, 11, 1, 0, 1, 38),
('2020B-01 ', 69, 4, 2, 2, 3, 1, 1, 3, 1, 2, 3, 4, 4, 6, 12, 3, 2, 3, 19),
('2020B-01 ', 70, 0, 2, 1, 4, 6, 4, 3, 0, 2, 5, 2, 0, 12, 12, 4, 4, 0, 18),
('2020B-01 ', 71, 1, 0, 3, 1, 2, 3, 2, 0, 0, 2, 3, 3, 2, 6, 4, 3, 4, 40),
('2020B-01 ', 72, 1, 4, 3, 1, 7, 4, 0, 0, 0, 6, 1, 2, 12, 2, 3, 2, 1, 9),
('2020B-01 ', 73, 3, 3, 0, 2, 2, 4, 2, 2, 0, 8, 1, 2, 10, 2, 4, 0, 4, 38),
('2020B-01 ', 74, 3, 3, 0, 3, 1, 3, 1, 4, 1, 2, 1, 4, 5, 12, 4, 3, 3, 17),
('2020B-01 ', 75, 1, 0, 1, 0, 5, 3, 1, 1, 0, 2, 3, 3, 13, 11, 4, 4, 1, 19),
('2020B-01 ', 76, 4, 4, 0, 1, 8, 0, 2, 3, 1, 5, 0, 4, 0, 4, 4, 3, 1, 54),
('2020B-01 ', 77, 1, 3, 3, 1, 3, 3, 2, 1, 3, 8, 0, 3, 8, 8, 4, 1, 4, 0),
('2020B-01 ', 78, 1, 3, 0, 2, 5, 4, 0, 1, 0, 3, 4, 0, 3, 7, 2, 3, 2, 6),
('2020B-01 ', 79, 3, 4, 1, 1, 3, 3, 2, 0, 1, 8, 3, 1, 6, 1, 3, 3, 0, 44),
('2020B-01 ', 80, 2, 2, 0, 0, 10, 2, 1, 0, 4, 5, 2, 2, 8, 1, 2, 1, 1, 32),
('2020B-01 ', 81, 3, 0, 2, 2, 7, 1, 3, 3, 4, 5, 2, 4, 6, 2, 3, 3, 1, 35),
('2020B-01 ', 82, 1, 1, 0, 1, 6, 2, 4, 0, 2, 3, 0, 1, 8, 10, 1, 1, 2, 30),
('2020B-01 ', 83, 1, 1, 0, 2, 5, 4, 1, 4, 0, 6, 0, 1, 2, 0, 4, 0, 3, 11),
('2020B-01 ', 84, 1, 4, 2, 4, 4, 2, 2, 4, 3, 4, 2, 3, 4, 8, 3, 2, 3, 21),
('2020B-01 ', 85, 0, 1, 4, 1, 9, 2, 2, 1, 2, 3, 4, 3, 2, 3, 1, 0, 1, 45),
('2020B-01 ', 86, 4, 4, 3, 4, 10, 1, 3, 0, 0, 2, 1, 4, 12, 15, 1, 2, 3, 5),
('2020B-01 ', 87, 0, 0, 3, 0, 9, 2, 4, 0, 4, 7, 2, 0, 9, 12, 0, 1, 0, 14),
('2020B-01 ', 88, 4, 3, 0, 2, 4, 0, 2, 2, 4, 7, 4, 4, 8, 8, 3, 4, 4, 26),
('2020B-01 ', 89, 4, 2, 1, 4, 4, 1, 4, 2, 4, 7, 0, 2, 6, 12, 3, 4, 1, 30),
('2020B-01 ', 90, 4, 0, 4, 4, 10, 2, 0, 1, 4, 1, 0, 4, 1, 13, 2, 2, 1, 1),
('2020B-01 ', 91, 1, 1, 0, 2, 6, 2, 3, 3, 3, 7, 4, 3, 12, 11, 2, 2, 0, 11),
('2020B-01 ', 92, 1, 1, 0, 2, 6, 4, 0, 3, 4, 8, 0, 1, 8, 15, 3, 3, 4, 23),
('2020B-01 ', 93, 3, 2, 2, 3, 3, 4, 1, 2, 2, 8, 2, 2, 8, 1, 1, 4, 0, 1),
('2020B-01 ', 94, 1, 2, 1, 4, 9, 2, 2, 3, 3, 0, 4, 4, 3, 8, 4, 4, 4, 7),
('2020B-01 ', 95, 3, 0, 2, 3, 1, 3, 1, 4, 4, 5, 4, 3, 5, 5, 4, 4, 1, 46),
('2020B-01 ', 96, 2, 1, 4, 0, 7, 3, 0, 4, 1, 8, 1, 0, 12, 6, 4, 1, 4, 17),
('2020B-01 ', 97, 2, 2, 1, 0, 6, 3, 0, 0, 0, 8, 1, 2, 4, 9, 2, 0, 1, 36),
('2020B-01 ', 98, 3, 4, 4, 3, 3, 3, 2, 0, 2, 0, 2, 4, 7, 7, 3, 3, 0, 3),
('2020B-01 ', 99, 3, 4, 3, 2, 8, 0, 0, 4, 4, 3, 1, 2, 11, 2, 0, 1, 2, 37),
('2020B-01 ', 100, 4, 4, 0, 3, 8, 3, 0, 3, 4, 1, 4, 0, 11, 15, 4, 0, 1, 34),
('2020B-02 ', 1, 4, 3, 4, 4, 8, 3, 2, 1, 3, 7, 4, 3, 6, 1, 3, 2, 1, 22),
('2020B-02 ', 2, 4, 3, 4, 4, 8, 3, 2, 1, 3, 7, 4, 3, 6, 1, 3, 2, 1, 22),
('2020B-02 ', 3, 4, 4, 1, 2, 9, 2, 1, 2, 1, 1, 1, 1, 6, 13, 4, 0, 2, 7),
('2020B-02 ', 4, 3, 0, 0, 1, 8, 2, 4, 0, 4, 4, 1, 1, 3, 12, 3, 1, 2, 34),
('2020B-02 ', 5, 1, 0, 3, 2, 7, 4, 2, 3, 0, 2, 2, 0, 0, 1, 1, 0, 2, 36),
('2020B-02 ', 6, 4, 1, 0, 1, 5, 4, 2, 4, 2, 2, 3, 4, 8, 14, 4, 1, 0, 26),
('2020B-02 ', 7, 3, 2, 3, 3, 10, 0, 0, 0, 2, 6, 2, 2, 13, 11, 3, 4, 3, 11),
('2020B-02 ', 8, 2, 1, 2, 4, 1, 4, 3, 3, 1, 5, 0, 4, 4, 4, 3, 4, 2, 33),
('2020B-02 ', 9, 0, 2, 0, 2, 0, 1, 3, 0, 4, 7, 2, 4, 8, 5, 0, 4, 4, 19),
('2020B-02 ', 10, 3, 2, 2, 2, 9, 2, 2, 2, 3, 2, 0, 2, 4, 3, 2, 0, 1, 5),
('2020B-02 ', 11, 0, 3, 4, 1, 4, 0, 4, 2, 3, 0, 2, 2, 12, 0, 2, 3, 1, 38),
('2020B-02 ', 12, 2, 0, 4, 2, 3, 0, 2, 1, 4, 5, 2, 2, 13, 2, 3, 4, 4, 24),
('2020B-02 ', 13, 0, 2, 1, 0, 5, 2, 2, 4, 2, 3, 4, 2, 6, 11, 3, 0, 2, 24),
('2020B-02 ', 14, 0, 3, 3, 0, 4, 4, 1, 0, 0, 7, 3, 1, 13, 15, 0, 2, 4, 12),
('2020B-02 ', 15, 1, 0, 4, 4, 4, 3, 4, 0, 0, 8, 1, 0, 3, 6, 4, 2, 3, 10),
('2020B-02 ', 16, 3, 1, 2, 4, 7, 1, 4, 2, 3, 0, 2, 1, 15, 14, 1, 3, 3, 23),
('2020B-02 ', 17, 4, 4, 3, 4, 2, 0, 2, 1, 2, 8, 1, 2, 7, 11, 0, 2, 2, 33),
('2020B-02 ', 18, 3, 3, 3, 0, 5, 3, 0, 1, 1, 4, 4, 4, 4, 4, 4, 1, 0, 48),
('2020B-02 ', 19, 4, 1, 0, 0, 2, 3, 1, 0, 4, 6, 2, 1, 10, 12, 0, 3, 3, 41),
('2020B-02 ', 20, 2, 4, 4, 1, 10, 3, 1, 2, 3, 2, 1, 3, 3, 7, 1, 0, 0, 45),
('2020B-02 ', 21, 2, 0, 1, 2, 6, 1, 0, 2, 3, 4, 2, 3, 7, 0, 4, 4, 3, 36),
('2020B-02 ', 22, 3, 0, 2, 3, 9, 4, 0, 4, 3, 0, 2, 4, 4, 8, 1, 0, 2, 4),
('2020B-02 ', 23, 4, 3, 4, 0, 6, 4, 4, 0, 2, 4, 3, 0, 5, 11, 3, 0, 0, 26),
('2020B-02 ', 24, 4, 4, 4, 0, 1, 1, 4, 0, 4, 1, 1, 0, 10, 12, 4, 2, 3, 40),
('2020B-02 ', 25, 1, 4, 1, 2, 5, 1, 4, 2, 0, 8, 1, 2, 14, 3, 4, 0, 3, 13),
('2020B-02 ', 26, 1, 2, 0, 4, 1, 4, 3, 2, 0, 7, 0, 1, 13, 5, 0, 4, 4, 14),
('2020B-02 ', 27, 4, 0, 4, 4, 10, 4, 3, 1, 4, 3, 3, 2, 4, 1, 4, 0, 1, 33),
('2020B-02 ', 28, 0, 2, 3, 0, 0, 1, 2, 1, 0, 0, 2, 4, 14, 1, 0, 4, 1, 57),
('2020B-02 ', 29, 1, 4, 0, 1, 0, 2, 2, 3, 0, 8, 1, 4, 1, 15, 0, 1, 2, 44),
('2020B-02 ', 30, 2, 3, 4, 4, 4, 1, 2, 4, 1, 3, 4, 3, 14, 6, 0, 3, 0, 32),
('2020B-02 ', 31, 3, 2, 0, 2, 0, 3, 0, 3, 3, 1, 4, 3, 12, 0, 0, 4, 2, 20),
('2020B-02 ', 32, 4, 0, 3, 1, 3, 1, 2, 1, 3, 0, 1, 4, 13, 3, 1, 1, 2, 10),
('2020B-02 ', 33, 2, 4, 0, 0, 1, 2, 0, 0, 4, 7, 2, 1, 6, 8, 1, 0, 0, 50),
('2020B-02 ', 34, 1, 0, 4, 0, 5, 1, 2, 3, 3, 6, 0, 4, 9, 7, 0, 2, 2, 41),
('2020B-02 ', 35, 4, 3, 1, 1, 7, 4, 1, 3, 2, 3, 2, 4, 1, 14, 3, 1, 3, 9),
('2020B-02 ', 36, 4, 3, 3, 0, 7, 1, 1, 1, 1, 8, 4, 1, 4, 15, 2, 4, 4, 13),
('2020B-02 ', 37, 2, 2, 0, 2, 8, 4, 0, 2, 1, 4, 2, 4, 8, 12, 0, 1, 4, 21),
('2020B-02 ', 38, 0, 2, 0, 0, 2, 2, 0, 1, 2, 8, 1, 4, 1, 10, 3, 1, 0, 29),
('2020B-02 ', 39, 1, 1, 4, 4, 8, 1, 4, 1, 2, 0, 3, 2, 12, 3, 4, 4, 0, 12),
('2020B-02 ', 40, 2, 0, 2, 4, 4, 2, 2, 3, 0, 2, 1, 1, 1, 1, 4, 0, 4, 7),
('2020B-02 ', 41, 0, 4, 2, 4, 9, 1, 2, 1, 3, 0, 1, 4, 2, 5, 3, 1, 1, 23),
('2020B-02 ', 42, 0, 4, 3, 2, 8, 1, 1, 0, 4, 7, 0, 3, 6, 4, 2, 3, 2, 29),
('2020B-02 ', 43, 3, 3, 3, 3, 6, 2, 4, 1, 1, 3, 1, 0, 5, 6, 0, 2, 0, 27),
('2020B-02 ', 44, 4, 2, 0, 3, 5, 2, 3, 1, 4, 3, 4, 1, 14, 8, 0, 3, 0, 27),
('2020B-02 ', 45, 3, 4, 1, 3, 8, 3, 2, 3, 3, 4, 1, 1, 15, 11, 3, 0, 2, 20),
('2020B-02 ', 46, 3, 0, 1, 1, 5, 1, 3, 0, 4, 0, 0, 3, 12, 4, 4, 2, 0, 25),
('2020B-02 ', 47, 4, 0, 4, 1, 2, 4, 0, 2, 4, 0, 0, 1, 2, 6, 3, 3, 2, 36),
('2020B-02 ', 48, 4, 3, 1, 4, 5, 1, 3, 1, 3, 4, 4, 3, 12, 5, 2, 3, 4, 20),
('2020B-02 ', 49, 2, 0, 1, 1, 4, 4, 2, 1, 1, 0, 3, 3, 2, 1, 1, 4, 1, 61),
('2020B-02 ', 50, 3, 3, 0, 4, 7, 0, 3, 3, 0, 2, 1, 3, 0, 1, 1, 3, 0, 29),
('2020B-02 ', 51, 1, 4, 0, 2, 0, 2, 0, 1, 2, 3, 0, 2, 13, 3, 0, 2, 0, 15),
('2020B-02 ', 52, 2, 3, 3, 2, 3, 1, 0, 0, 1, 5, 4, 0, 5, 7, 1, 3, 3, 42),
('2020B-02 ', 53, 0, 0, 3, 3, 4, 4, 3, 1, 3, 6, 2, 0, 3, 8, 4, 3, 3, 47),
('2020B-02 ', 54, 4, 4, 1, 0, 10, 0, 1, 3, 0, 1, 3, 1, 14, 10, 4, 0, 4, 29),
('2020B-02 ', 55, 4, 4, 1, 3, 7, 1, 1, 3, 2, 0, 0, 0, 3, 7, 3, 3, 4, 20),
('2020B-02 ', 56, 0, 4, 0, 1, 2, 2, 3, 0, 1, 3, 1, 2, 12, 0, 2, 2, 1, 64),
('2020B-02 ', 57, 2, 2, 3, 0, 3, 4, 1, 1, 2, 3, 1, 0, 13, 5, 0, 3, 3, 3),
('2020B-02 ', 58, 2, 0, 1, 1, 5, 4, 1, 3, 3, 8, 1, 0, 15, 3, 0, 1, 4, 33),
('2020B-02 ', 59, 3, 3, 4, 2, 9, 3, 3, 0, 0, 7, 1, 1, 4, 6, 0, 4, 2, 46),
('2020B-02 ', 60, 0, 0, 4, 3, 3, 0, 1, 4, 2, 3, 1, 4, 15, 8, 1, 0, 0, 39),
('2020B-02 ', 61, 3, 0, 2, 4, 6, 1, 2, 2, 4, 0, 3, 3, 8, 7, 0, 1, 1, 0),
('2020B-02 ', 62, 0, 2, 3, 2, 4, 1, 1, 1, 3, 3, 3, 2, 2, 15, 1, 3, 1, 43),
('2020B-02 ', 63, 2, 2, 3, 1, 5, 0, 0, 0, 0, 1, 1, 2, 0, 9, 0, 4, 3, 37),
('2020B-02 ', 64, 1, 4, 0, 4, 1, 4, 1, 3, 3, 3, 3, 2, 3, 15, 4, 0, 1, 34),
('2020B-02 ', 65, 3, 1, 2, 4, 1, 3, 0, 3, 2, 4, 4, 1, 14, 5, 4, 0, 0, 11),
('2020B-02 ', 66, 1, 1, 3, 3, 3, 3, 2, 3, 0, 0, 0, 0, 4, 6, 2, 0, 0, 66),
('2020B-02 ', 67, 2, 2, 2, 0, 7, 1, 0, 1, 4, 1, 1, 4, 6, 10, 3, 0, 1, 54),
('2020B-02 ', 68, 3, 0, 2, 0, 3, 3, 3, 0, 2, 3, 2, 3, 2, 0, 0, 1, 2, 2),
('2020B-02 ', 69, 1, 4, 3, 4, 3, 0, 2, 2, 4, 4, 2, 3, 15, 8, 0, 2, 0, 41),
('2020B-02 ', 70, 3, 4, 1, 0, 4, 4, 2, 3, 0, 0, 3, 3, 10, 5, 0, 0, 0, 37),
('2020B-02 ', 71, 2, 1, 2, 4, 6, 3, 2, 1, 4, 7, 0, 0, 12, 12, 1, 0, 1, 1),
('2020B-02 ', 72, 2, 0, 3, 0, 2, 1, 2, 0, 1, 0, 2, 3, 8, 0, 0, 0, 1, 70),
('2020B-02 ', 73, 1, 4, 3, 0, 7, 2, 1, 3, 0, 6, 1, 0, 5, 7, 3, 3, 1, 0),
('2020B-02 ', 74, 0, 0, 2, 0, 10, 3, 3, 2, 4, 1, 2, 3, 7, 7, 3, 4, 2, 40),
('2020B-02 ', 75, 2, 1, 2, 2, 8, 3, 2, 3, 1, 6, 2, 0, 9, 0, 4, 1, 4, 48),
('2020B-02 ', 76, 2, 2, 2, 2, 2, 4, 1, 1, 4, 0, 3, 4, 11, 3, 0, 1, 1, 17),
('2020B-02 ', 77, 4, 3, 1, 2, 3, 2, 1, 4, 4, 4, 1, 2, 2, 15, 1, 4, 4, 38),
('2020B-02 ', 78, 3, 2, 3, 4, 1, 0, 2, 4, 1, 7, 3, 1, 5, 13, 0, 2, 3, 18),
('2020B-02 ', 79, 4, 4, 3, 4, 6, 4, 1, 3, 4, 5, 3, 4, 15, 14, 1, 3, 4, 7),
('2020B-02 ', 80, 4, 1, 3, 0, 9, 1, 1, 0, 0, 5, 1, 2, 1, 13, 2, 0, 1, 28),
('2020B-02 ', 81, 0, 3, 0, 4, 3, 1, 1, 2, 1, 4, 2, 3, 15, 8, 0, 3, 3, 45),
('2020B-02 ', 82, 1, 2, 3, 3, 3, 4, 2, 3, 4, 5, 2, 3, 14, 5, 3, 1, 0, 10),
('2020B-02 ', 83, 4, 0, 3, 3, 10, 2, 1, 3, 2, 2, 3, 3, 9, 8, 0, 1, 0, 16),
('2020B-02 ', 84, 2, 2, 0, 4, 8, 3, 1, 1, 0, 0, 2, 3, 8, 15, 4, 1, 2, 5),
('2020B-02 ', 85, 3, 2, 4, 1, 7, 1, 3, 0, 3, 8, 4, 0, 5, 9, 2, 0, 1, 4),
('2020B-02 ', 86, 1, 4, 4, 4, 4, 4, 3, 1, 1, 6, 0, 3, 6, 1, 2, 0, 2, 6),
('2020B-02 ', 87, 3, 0, 3, 2, 1, 3, 1, 0, 2, 1, 4, 4, 15, 0, 0, 3, 3, 5),
('2020B-02 ', 88, 3, 4, 2, 3, 5, 0, 4, 2, 1, 0, 4, 1, 15, 9, 1, 1, 1, 22),
('2020B-02 ', 89, 2, 1, 4, 1, 5, 0, 0, 1, 4, 7, 1, 1, 6, 5, 4, 3, 4, 22),
('2020B-02 ', 90, 4, 1, 3, 1, 1, 3, 4, 2, 3, 2, 3, 3, 5, 4, 0, 1, 0, 41),
('2020B-02 ', 91, 4, 1, 2, 3, 8, 1, 4, 2, 1, 8, 4, 4, 0, 11, 3, 0, 4, 24),
('2020B-02 ', 92, 0, 2, 2, 1, 7, 0, 3, 0, 3, 1, 0, 0, 12, 13, 1, 4, 4, 46),
('2020B-02 ', 93, 4, 0, 0, 3, 5, 0, 2, 4, 4, 3, 2, 1, 14, 6, 0, 4, 2, 9),
('2020B-02 ', 94, 4, 0, 0, 2, 7, 3, 0, 2, 3, 6, 3, 3, 4, 12, 3, 4, 0, 25),
('2020B-02 ', 95, 4, 4, 1, 0, 1, 3, 1, 0, 4, 6, 2, 3, 14, 11, 3, 1, 2, 12),
('2020B-02 ', 96, 2, 3, 3, 3, 0, 4, 2, 0, 2, 7, 4, 2, 0, 13, 0, 3, 2, 46),
('2020B-02 ', 97, 2, 1, 2, 0, 8, 1, 3, 2, 4, 5, 2, 4, 1, 6, 1, 0, 1, 30),
('2020B-02 ', 98, 1, 4, 3, 2, 1, 4, 0, 2, 1, 4, 1, 2, 12, 2, 4, 3, 2, 15),
('2020B-02 ', 99, 4, 3, 3, 1, 9, 0, 3, 3, 1, 1, 4, 1, 15, 3, 2, 3, 2, 29),
('2020B-02 ', 100, 4, 1, 1, 4, 4, 2, 1, 1, 2, 4, 4, 2, 5, 11, 3, 1, 3, 5),
('2020B-03 ', 1, 1, 2, 1, 1, 9, 1, 0, 4, 0, 5, 2, 3, 1, 5, 3, 4, 3, 28),
('2020B-03 ', 2, 1, 2, 1, 1, 9, 1, 0, 4, 0, 5, 2, 3, 1, 5, 3, 4, 3, 28),
('2020B-03 ', 3, 2, 2, 1, 4, 1, 2, 3, 2, 4, 1, 3, 1, 13, 6, 3, 4, 4, 33),
('2020B-03 ', 4, 2, 2, 2, 4, 7, 1, 2, 1, 2, 4, 1, 4, 0, 15, 2, 3, 1, 1),
('2020B-03 ', 5, 1, 2, 3, 4, 6, 2, 2, 0, 0, 0, 1, 2, 8, 5, 4, 2, 4, 51),
('2020B-03 ', 6, 0, 2, 1, 3, 3, 0, 2, 3, 1, 6, 3, 2, 12, 7, 2, 4, 4, 22),
('2020B-03 ', 7, 0, 3, 0, 2, 6, 3, 3, 2, 4, 4, 3, 4, 3, 15, 1, 4, 3, 37),
('2020B-03 ', 8, 3, 2, 1, 0, 3, 0, 2, 0, 1, 3, 4, 3, 13, 8, 4, 1, 0, 15),
('2020B-03 ', 9, 4, 4, 1, 1, 4, 2, 4, 0, 2, 1, 3, 1, 14, 7, 1, 1, 4, 34),
('2020B-03 ', 10, 3, 1, 0, 4, 3, 0, 0, 1, 1, 1, 3, 2, 1, 9, 1, 0, 2, 52),
('2020B-03 ', 11, 2, 2, 4, 0, 10, 2, 2, 1, 2, 1, 4, 1, 11, 15, 3, 4, 0, 30),
('2020B-03 ', 12, 1, 4, 4, 4, 6, 0, 1, 2, 2, 4, 3, 3, 3, 4, 0, 4, 1, 6),
('2020B-03 ', 13, 4, 0, 2, 0, 6, 2, 2, 4, 1, 7, 1, 4, 5, 14, 3, 3, 0, 36),
('2020B-03 ', 14, 2, 0, 1, 3, 8, 4, 1, 4, 1, 6, 3, 1, 0, 12, 0, 0, 3, 5),
('2020B-03 ', 15, 4, 0, 2, 1, 1, 2, 3, 3, 2, 7, 1, 1, 14, 1, 0, 1, 0, 20),
('2020B-03 ', 16, 1, 4, 2, 4, 2, 0, 1, 4, 1, 8, 0, 0, 3, 1, 2, 3, 1, 0),
('2020B-03 ', 17, 0, 0, 1, 2, 6, 3, 2, 1, 1, 1, 4, 1, 4, 2, 3, 0, 4, 38),
('2020B-03 ', 18, 3, 1, 2, 3, 9, 0, 3, 3, 0, 4, 4, 4, 8, 10, 3, 3, 4, 33),
('2020B-03 ', 19, 2, 3, 0, 0, 1, 2, 3, 4, 2, 8, 4, 1, 15, 13, 3, 3, 4, 29),
('2020B-03 ', 20, 3, 3, 1, 0, 2, 2, 0, 2, 1, 3, 2, 3, 14, 3, 2, 3, 3, 25),
('2020B-03 ', 21, 0, 3, 1, 4, 5, 4, 2, 3, 3, 2, 4, 4, 13, 1, 2, 4, 4, 16),
('2020B-03 ', 22, 1, 1, 0, 2, 2, 3, 0, 0, 1, 3, 4, 0, 12, 5, 0, 2, 2, 4),
('2020B-03 ', 23, 3, 1, 1, 0, 5, 1, 4, 1, 3, 0, 1, 1, 4, 0, 4, 2, 1, 48),
('2020B-03 ', 24, 2, 2, 3, 1, 6, 3, 1, 3, 3, 8, 0, 3, 14, 6, 1, 4, 4, 5),
('2020B-03 ', 25, 3, 2, 0, 0, 6, 4, 3, 2, 3, 8, 2, 4, 3, 13, 3, 1, 0, 32),
('2020B-03 ', 26, 1, 0, 1, 4, 5, 1, 0, 0, 3, 6, 3, 2, 0, 7, 1, 1, 3, 29),
('2020B-03 ', 27, 3, 4, 2, 3, 0, 1, 2, 0, 1, 5, 4, 4, 15, 11, 0, 1, 4, 35),
('2020B-03 ', 28, 3, 4, 1, 1, 5, 1, 0, 4, 0, 7, 0, 3, 4, 12, 3, 0, 0, 6),
('2020B-03 ', 29, 2, 0, 1, 0, 8, 4, 0, 2, 3, 4, 1, 1, 8, 0, 0, 2, 4, 16),
('2020B-03 ', 30, 2, 3, 1, 1, 10, 2, 1, 0, 2, 7, 2, 3, 1, 13, 0, 3, 4, 18),
('2020B-03 ', 31, 0, 2, 2, 4, 5, 2, 1, 0, 0, 1, 1, 1, 6, 9, 4, 2, 3, 3),
('2020B-03 ', 32, 0, 0, 2, 3, 2, 3, 1, 0, 1, 8, 4, 4, 14, 0, 1, 1, 4, 16),
('2020B-03 ', 33, 3, 2, 4, 2, 8, 3, 3, 1, 2, 1, 3, 0, 11, 6, 3, 4, 4, 40),
('2020B-03 ', 34, 1, 3, 1, 0, 7, 1, 0, 1, 2, 4, 0, 1, 8, 5, 1, 0, 1, 38),
('2020B-03 ', 35, 1, 1, 1, 2, 1, 0, 2, 3, 4, 7, 3, 3, 5, 8, 1, 4, 4, 27),
('2020B-03 ', 36, 0, 0, 1, 2, 7, 0, 0, 0, 2, 5, 1, 3, 11, 4, 2, 4, 1, 43),
('2020B-03 ', 37, 3, 4, 1, 1, 1, 2, 3, 3, 1, 1, 2, 0, 13, 2, 0, 2, 3, 1),
('2020B-03 ', 38, 1, 4, 2, 2, 8, 1, 2, 1, 0, 0, 0, 4, 10, 7, 1, 2, 0, 54),
('2020B-03 ', 39, 0, 3, 0, 4, 7, 0, 4, 1, 0, 6, 2, 1, 8, 1, 1, 2, 2, 20),
('2020B-03 ', 40, 3, 1, 2, 0, 2, 0, 1, 0, 2, 6, 1, 4, 7, 11, 3, 2, 0, 16),
('2020B-03 ', 41, 1, 1, 2, 1, 9, 0, 3, 2, 3, 2, 1, 4, 0, 10, 3, 0, 3, 49),
('2020B-03 ', 42, 1, 0, 0, 1, 9, 0, 4, 3, 3, 8, 3, 4, 6, 0, 0, 0, 3, 12),
('2020B-03 ', 43, 1, 3, 3, 1, 9, 4, 1, 4, 1, 4, 4, 3, 2, 11, 3, 0, 2, 18),
('2020B-03 ', 44, 3, 1, 1, 4, 5, 4, 1, 3, 2, 5, 1, 0, 11, 13, 3, 1, 2, 27),
('2020B-03 ', 45, 2, 3, 2, 1, 9, 2, 1, 1, 0, 2, 0, 1, 13, 14, 2, 2, 4, 2),
('2020B-03 ', 46, 1, 2, 0, 1, 4, 0, 1, 3, 2, 6, 2, 3, 9, 9, 2, 3, 4, 7),
('2020B-03 ', 47, 2, 2, 0, 4, 5, 1, 2, 3, 2, 8, 4, 2, 11, 7, 0, 3, 4, 10),
('2020B-03 ', 48, 3, 4, 0, 3, 8, 4, 1, 2, 4, 7, 4, 3, 14, 7, 3, 0, 3, 27),
('2020B-03 ', 49, 4, 2, 1, 3, 3, 4, 2, 1, 3, 2, 1, 1, 1, 8, 4, 1, 4, 37),
('2020B-03 ', 50, 0, 4, 1, 3, 4, 4, 4, 0, 4, 0, 4, 0, 7, 0, 0, 2, 2, 45),
('2020B-03 ', 51, 3, 3, 3, 3, 4, 4, 3, 1, 1, 6, 4, 1, 7, 3, 1, 0, 3, 47),
('2020B-03 ', 52, 0, 3, 1, 4, 0, 4, 3, 3, 0, 0, 0, 1, 13, 7, 1, 3, 0, 22),
('2020B-03 ', 53, 2, 3, 4, 1, 0, 2, 4, 2, 4, 5, 3, 3, 10, 15, 4, 3, 0, 27),
('2020B-03 ', 54, 2, 2, 0, 0, 9, 1, 0, 4, 0, 2, 3, 3, 15, 6, 4, 4, 3, 38),
('2020B-03 ', 55, 2, 2, 1, 4, 1, 3, 4, 1, 1, 4, 2, 0, 14, 5, 0, 3, 0, 19),
('2020B-03 ', 56, 4, 4, 1, 3, 7, 1, 1, 3, 0, 2, 1, 1, 2, 4, 4, 0, 0, 58),
('2020B-03 ', 57, 4, 2, 1, 2, 7, 0, 3, 0, 0, 0, 1, 1, 1, 10, 4, 0, 1, 40),
('2020B-03 ', 58, 0, 2, 3, 0, 10, 3, 2, 4, 1, 2, 4, 3, 1, 5, 4, 1, 2, 52),
('2020B-03 ', 59, 2, 0, 4, 0, 5, 3, 0, 0, 3, 6, 4, 3, 3, 13, 2, 4, 0, 26),
('2020B-03 ', 60, 4, 1, 2, 2, 8, 4, 2, 0, 4, 5, 3, 0, 15, 1, 1, 4, 1, 11),
('2020B-03 ', 61, 3, 2, 3, 3, 5, 2, 4, 1, 2, 0, 1, 1, 0, 6, 0, 4, 0, 28),
('2020B-03 ', 62, 3, 0, 4, 0, 5, 1, 4, 2, 3, 6, 2, 0, 1, 2, 2, 3, 2, 59),
('2020B-03 ', 63, 3, 4, 0, 2, 9, 4, 4, 3, 0, 4, 0, 2, 1, 0, 1, 3, 3, 45),
('2020B-03 ', 64, 1, 1, 4, 2, 10, 0, 3, 1, 3, 2, 1, 0, 6, 3, 2, 3, 0, 32),
('2020B-03 ', 65, 0, 4, 4, 2, 10, 2, 0, 2, 2, 3, 0, 1, 11, 13, 3, 1, 1, 35),
('2020B-03 ', 66, 3, 3, 4, 4, 1, 3, 1, 1, 4, 6, 4, 3, 13, 5, 4, 1, 3, 6),
('2020B-03 ', 67, 0, 1, 3, 2, 7, 3, 3, 3, 3, 1, 2, 4, 11, 7, 4, 1, 4, 4),
('2020B-03 ', 68, 0, 4, 1, 3, 10, 2, 4, 2, 0, 1, 2, 2, 15, 15, 0, 0, 0, 21),
('2020B-03 ', 69, 1, 2, 1, 4, 5, 1, 4, 1, 2, 7, 4, 2, 8, 9, 2, 3, 3, 20),
('2020B-03 ', 70, 3, 3, 0, 1, 7, 3, 3, 2, 4, 7, 2, 4, 6, 3, 0, 0, 0, 23),
('2020B-03 ', 71, 4, 1, 4, 2, 9, 3, 1, 1, 4, 2, 4, 4, 5, 4, 0, 4, 0, 35),
('2020B-03 ', 72, 1, 3, 3, 4, 10, 3, 3, 3, 4, 7, 1, 2, 11, 15, 4, 0, 2, 23),
('2020B-03 ', 73, 3, 2, 3, 3, 9, 0, 4, 1, 2, 1, 2, 1, 8, 8, 4, 0, 2, 30),
('2020B-03 ', 74, 1, 0, 2, 3, 6, 0, 3, 0, 4, 3, 3, 3, 15, 12, 0, 0, 4, 3),
('2020B-03 ', 75, 3, 0, 0, 4, 9, 0, 2, 3, 2, 6, 4, 1, 13, 8, 0, 2, 0, 19),
('2020B-03 ', 76, 2, 4, 3, 1, 3, 0, 2, 2, 4, 0, 3, 0, 6, 2, 2, 0, 1, 42),
('2020B-03 ', 77, 3, 1, 4, 3, 9, 1, 1, 2, 3, 0, 0, 4, 1, 9, 2, 4, 0, 40),
('2020B-03 ', 78, 0, 0, 3, 0, 3, 1, 4, 2, 1, 1, 3, 0, 10, 15, 1, 1, 3, 40),
('2020B-03 ', 79, 1, 2, 1, 1, 6, 3, 3, 4, 0, 5, 1, 2, 11, 14, 2, 4, 1, 38),
('2020B-03 ', 80, 3, 0, 2, 3, 2, 1, 1, 3, 4, 2, 3, 0, 9, 14, 0, 1, 4, 42),
('2020B-03 ', 81, 3, 1, 2, 4, 3, 4, 3, 3, 1, 1, 3, 0, 11, 12, 0, 3, 1, 7),
('2020B-03 ', 82, 4, 2, 4, 2, 6, 0, 3, 1, 1, 4, 1, 3, 11, 15, 0, 1, 3, 9),
('2020B-03 ', 83, 0, 1, 3, 0, 8, 2, 3, 0, 1, 0, 4, 4, 12, 8, 1, 3, 2, 14),
('2020B-03 ', 84, 2, 4, 1, 4, 8, 4, 0, 0, 2, 0, 1, 3, 5, 6, 2, 2, 4, 39),
('2020B-03 ', 85, 0, 3, 3, 2, 5, 3, 2, 0, 2, 1, 2, 0, 5, 6, 3, 1, 3, 30),
('2020B-03 ', 86, 1, 3, 3, 1, 0, 0, 1, 3, 2, 0, 4, 3, 3, 12, 1, 4, 0, 3),
('2020B-03 ', 87, 2, 4, 4, 2, 0, 4, 0, 0, 3, 5, 1, 4, 0, 14, 2, 2, 4, 2),
('2020B-03 ', 88, 4, 3, 1, 4, 10, 2, 0, 4, 1, 0, 0, 3, 10, 7, 2, 1, 3, 10),
('2020B-03 ', 89, 4, 4, 2, 3, 9, 1, 2, 4, 1, 4, 3, 4, 2, 3, 2, 0, 2, 27),
('2020B-03 ', 90, 2, 0, 3, 0, 3, 1, 4, 1, 2, 1, 0, 4, 12, 5, 0, 2, 4, 25),
('2020B-03 ', 91, 3, 1, 4, 2, 2, 1, 1, 4, 2, 0, 2, 1, 15, 11, 0, 1, 4, 27),
('2020B-03 ', 92, 1, 3, 3, 2, 3, 0, 2, 1, 1, 6, 3, 4, 8, 6, 3, 3, 3, 0),
('2020B-03 ', 93, 2, 1, 1, 0, 8, 3, 1, 0, 1, 1, 1, 2, 2, 6, 4, 4, 1, 18),
('2020B-03 ', 94, 0, 2, 2, 2, 6, 1, 0, 1, 0, 4, 1, 3, 14, 13, 3, 3, 2, 33),
('2020B-03 ', 95, 0, 3, 3, 0, 3, 4, 2, 0, 4, 4, 4, 0, 1, 7, 2, 1, 0, 26),
('2020B-03 ', 96, 1, 1, 3, 4, 7, 4, 0, 3, 3, 0, 3, 3, 3, 12, 4, 2, 2, 26),
('2020B-03 ', 97, 2, 4, 0, 0, 0, 3, 0, 4, 4, 0, 3, 1, 1, 1, 0, 4, 0, 56),
('2020B-03 ', 98, 1, 4, 0, 4, 6, 0, 0, 4, 0, 8, 1, 0, 5, 12, 4, 3, 2, 0),
('2020B-03 ', 99, 3, 1, 3, 3, 3, 3, 3, 0, 4, 6, 4, 1, 1, 4, 0, 3, 1, 28),
('2020B-03 ', 100, 3, 3, 2, 2, 10, 3, 4, 3, 3, 0, 3, 4, 1, 1, 2, 1, 0, 55),
('2020B-04 ', 1, 2, 3, 2, 2, 1, 2, 0, 2, 3, 1, 0, 0, 15, 9, 3, 0, 4, 17),
('2020B-04 ', 2, 2, 0, 0, 1, 8, 0, 2, 0, 3, 1, 2, 1, 1, 1, 2, 4, 0, 4),
('2020B-04 ', 3, 4, 0, 0, 2, 7, 2, 2, 1, 1, 8, 2, 4, 3, 4, 2, 2, 4, 37),
('2020B-04 ', 4, 0, 2, 1, 4, 0, 3, 1, 2, 3, 1, 2, 0, 1, 12, 4, 0, 1, 33),
('2020B-04 ', 5, 1, 1, 0, 4, 9, 4, 3, 0, 2, 2, 3, 3, 2, 0, 2, 1, 4, 17),
('2020B-04 ', 6, 3, 1, 3, 3, 9, 2, 2, 2, 4, 8, 0, 2, 0, 6, 2, 2, 4, 31),
('2020B-04 ', 7, 0, 0, 1, 0, 0, 3, 2, 3, 4, 3, 0, 0, 15, 12, 1, 1, 1, 22),
('2020B-04 ', 8, 2, 0, 1, 2, 2, 3, 2, 1, 3, 7, 2, 4, 13, 15, 2, 0, 1, 17),
('2020B-04 ', 9, 1, 0, 2, 1, 6, 0, 4, 1, 0, 2, 4, 3, 14, 13, 3, 0, 0, 39),
('2020B-04 ', 10, 1, 3, 0, 1, 0, 1, 3, 4, 0, 6, 2, 3, 7, 4, 1, 4, 3, 26),
('2020B-04 ', 11, 2, 3, 2, 2, 1, 2, 0, 2, 3, 1, 0, 0, 15, 9, 3, 0, 4, 17),
('2020B-04 ', 12, 2, 0, 3, 4, 5, 1, 4, 2, 4, 0, 2, 4, 2, 9, 0, 1, 0, 44),
('2020B-04 ', 13, 0, 2, 4, 0, 3, 0, 1, 0, 2, 8, 3, 2, 15, 12, 2, 1, 0, 37),
('2020B-04 ', 14, 0, 4, 0, 2, 0, 2, 2, 3, 0, 3, 1, 3, 8, 0, 0, 3, 1, 36),
('2020B-04 ', 15, 2, 0, 1, 2, 0, 0, 1, 3, 2, 5, 0, 1, 9, 5, 3, 0, 1, 20),
('2020B-04 ', 16, 1, 1, 1, 1, 10, 2, 2, 0, 1, 7, 4, 4, 15, 2, 1, 2, 4, 39),
('2020B-04 ', 17, 4, 1, 3, 4, 8, 3, 3, 4, 4, 5, 1, 3, 6, 6, 3, 4, 4, 10),
('2020B-04 ', 18, 3, 0, 3, 4, 9, 3, 4, 1, 2, 3, 4, 0, 11, 4, 2, 1, 0, 29),
('2020B-04 ', 19, 4, 3, 2, 2, 9, 2, 0, 2, 2, 6, 0, 2, 7, 10, 0, 1, 1, 43),
('2020B-04 ', 20, 3, 4, 3, 2, 3, 0, 1, 0, 0, 7, 4, 3, 9, 10, 3, 4, 1, 36),
('2020B-04 ', 21, 1, 4, 3, 3, 10, 0, 1, 4, 2, 2, 1, 0, 6, 4, 2, 0, 2, 20),
('2020B-04 ', 22, 3, 1, 2, 1, 4, 4, 0, 4, 1, 0, 0, 2, 15, 12, 0, 2, 1, 1),
('2020B-04 ', 23, 1, 3, 3, 3, 2, 3, 0, 1, 1, 0, 4, 4, 8, 15, 1, 1, 4, 4),
('2020B-04 ', 24, 4, 4, 4, 1, 8, 2, 1, 4, 3, 1, 0, 4, 12, 4, 1, 0, 1, 19),
('2020B-04 ', 25, 1, 3, 2, 3, 3, 1, 4, 1, 4, 3, 0, 3, 10, 1, 3, 3, 3, 34),
('2020B-04 ', 26, 2, 1, 3, 4, 10, 1, 2, 0, 4, 1, 0, 4, 9, 5, 1, 1, 4, 47),
('2020B-04 ', 27, 4, 4, 3, 0, 5, 2, 1, 2, 3, 3, 2, 4, 2, 8, 2, 1, 1, 20),
('2020B-04 ', 28, 4, 3, 1, 1, 10, 2, 3, 3, 1, 1, 3, 0, 7, 2, 4, 4, 3, 29),
('2020B-04 ', 29, 4, 4, 4, 4, 4, 3, 2, 1, 3, 7, 2, 3, 12, 3, 2, 0, 3, 33),
('2020B-04 ', 30, 1, 3, 2, 4, 0, 0, 1, 2, 4, 1, 3, 0, 8, 11, 4, 0, 1, 46),
('2020B-04 ', 31, 1, 3, 4, 1, 5, 2, 1, 2, 1, 8, 1, 2, 1, 13, 0, 2, 3, 24),
('2020B-04 ', 32, 0, 0, 4, 1, 1, 2, 4, 2, 1, 1, 1, 3, 7, 14, 0, 3, 0, 14),
('2020B-04 ', 33, 4, 1, 2, 1, 7, 1, 1, 4, 1, 2, 0, 1, 0, 11, 2, 4, 1, 7),
('2020B-04 ', 34, 0, 3, 1, 1, 8, 3, 0, 0, 3, 5, 1, 3, 0, 14, 1, 3, 1, 16),
('2020B-04 ', 35, 1, 0, 3, 4, 6, 2, 3, 2, 0, 8, 2, 3, 3, 2, 3, 2, 0, 9),
('2020B-04 ', 36, 4, 4, 3, 4, 4, 2, 4, 1, 4, 4, 3, 4, 15, 11, 1, 1, 0, 1),
('2020B-04 ', 37, 1, 1, 3, 3, 4, 2, 2, 3, 4, 5, 3, 4, 14, 7, 0, 3, 0, 41),
('2020B-04 ', 38, 3, 1, 2, 1, 2, 1, 0, 2, 3, 5, 0, 4, 3, 9, 0, 1, 3, 16),
('2020B-04 ', 39, 2, 3, 0, 2, 7, 4, 0, 1, 3, 5, 1, 3, 6, 14, 3, 1, 0, 1),
('2020B-04 ', 40, 2, 0, 4, 0, 4, 3, 3, 3, 4, 2, 0, 1, 2, 15, 1, 1, 3, 37),
('2020B-04 ', 41, 1, 3, 2, 4, 1, 4, 1, 2, 0, 8, 1, 3, 13, 2, 0, 1, 4, 5),
('2020B-04 ', 42, 1, 2, 2, 1, 3, 0, 0, 1, 4, 7, 0, 2, 5, 2, 0, 0, 0, 28),
('2020B-04 ', 43, 2, 3, 2, 3, 0, 0, 4, 2, 4, 0, 0, 2, 14, 1, 3, 3, 4, 30),
('2020B-04 ', 44, 4, 3, 2, 1, 1, 2, 2, 4, 0, 4, 4, 1, 9, 8, 2, 0, 3, 34),
('2020B-04 ', 45, 2, 2, 0, 0, 9, 3, 2, 0, 4, 7, 1, 2, 6, 8, 1, 0, 2, 41),
('2020B-04 ', 46, 3, 1, 3, 4, 1, 0, 0, 2, 0, 8, 3, 2, 2, 15, 1, 0, 0, 9),
('2020B-04 ', 47, 3, 0, 2, 1, 6, 0, 4, 3, 3, 3, 1, 3, 2, 13, 0, 4, 2, 31),
('2020B-04 ', 48, 3, 3, 3, 0, 9, 0, 3, 3, 4, 5, 1, 3, 13, 13, 0, 1, 0, 11),
('2020B-04 ', 49, 2, 1, 0, 1, 10, 4, 2, 4, 1, 2, 3, 2, 14, 10, 1, 4, 1, 13),
('2020B-04 ', 50, 4, 4, 3, 4, 1, 1, 4, 3, 4, 3, 1, 1, 7, 9, 3, 1, 2, 21),
('2020B-04 ', 51, 3, 2, 3, 3, 10, 4, 0, 4, 2, 1, 4, 0, 3, 14, 3, 4, 2, 19),
('2020B-04 ', 52, 3, 1, 4, 3, 9, 0, 4, 0, 4, 1, 0, 0, 0, 10, 4, 1, 3, 29),
('2020B-04 ', 53, 3, 0, 1, 4, 4, 3, 4, 1, 0, 1, 2, 4, 15, 6, 4, 0, 1, 37),
('2020B-04 ', 54, 2, 2, 0, 4, 5, 0, 1, 1, 1, 0, 4, 3, 1, 0, 0, 2, 4, 52),
('2020B-04 ', 55, 3, 3, 4, 4, 5, 2, 4, 2, 1, 6, 2, 4, 9, 0, 0, 2, 0, 1),
('2020B-04 ', 56, 0, 2, 4, 2, 6, 4, 0, 2, 0, 8, 1, 2, 5, 14, 1, 0, 3, 11),
('2020B-04 ', 57, 1, 2, 4, 0, 8, 0, 0, 0, 4, 0, 1, 4, 12, 8, 1, 4, 0, 5),
('2020B-04 ', 58, 2, 1, 4, 4, 7, 0, 4, 1, 4, 7, 0, 3, 2, 5, 2, 2, 4, 44),
('2020B-04 ', 59, 4, 3, 1, 4, 6, 3, 0, 2, 4, 7, 3, 2, 10, 10, 0, 2, 3, 12),
('2020B-04 ', 60, 0, 2, 4, 1, 0, 2, 4, 0, 1, 4, 4, 4, 4, 2, 0, 4, 1, 40),
('2020B-04 ', 61, 2, 1, 1, 1, 8, 0, 2, 3, 2, 6, 4, 3, 3, 4, 3, 0, 0, 14),
('2020B-04 ', 62, 0, 2, 2, 2, 7, 2, 1, 3, 0, 1, 1, 3, 9, 11, 3, 1, 4, 17),
('2020B-04 ', 63, 2, 0, 2, 3, 7, 0, 3, 1, 4, 6, 0, 4, 6, 3, 4, 1, 1, 51),
('2020B-04 ', 64, 0, 0, 2, 4, 4, 4, 1, 4, 2, 1, 3, 3, 5, 5, 4, 1, 3, 5),
('2020B-04 ', 65, 1, 2, 0, 0, 7, 0, 2, 1, 1, 7, 0, 4, 3, 9, 3, 0, 3, 56),
('2020B-04 ', 66, 1, 0, 1, 4, 8, 4, 3, 4, 4, 8, 0, 1, 9, 1, 0, 1, 3, 18),
('2020B-04 ', 67, 0, 3, 3, 2, 6, 2, 2, 4, 2, 5, 2, 3, 4, 13, 0, 4, 3, 40),
('2020B-04 ', 68, 4, 2, 3, 3, 10, 0, 0, 3, 4, 8, 1, 4, 13, 10, 3, 3, 4, 12),
('2020B-04 ', 69, 0, 1, 2, 0, 0, 4, 4, 4, 2, 4, 0, 4, 3, 6, 2, 3, 3, 17),
('2020B-04 ', 70, 0, 1, 2, 0, 5, 3, 2, 3, 0, 1, 3, 1, 6, 12, 1, 3, 2, 49),
('2020B-04 ', 71, 0, 2, 2, 0, 6, 2, 1, 4, 4, 7, 2, 3, 13, 13, 3, 1, 0, 31),
('2020B-04 ', 72, 2, 1, 0, 2, 3, 3, 1, 3, 2, 8, 4, 1, 4, 3, 4, 4, 1, 7),
('2020B-04 ', 73, 4, 1, 0, 1, 1, 3, 3, 1, 1, 8, 1, 0, 8, 8, 4, 1, 4, 10),
('2020B-04 ', 74, 1, 0, 1, 0, 7, 0, 2, 3, 0, 4, 2, 4, 15, 9, 2, 1, 1, 32),
('2020B-04 ', 75, 2, 2, 0, 1, 2, 3, 2, 3, 0, 3, 0, 0, 3, 0, 2, 4, 4, 29),
('2020B-04 ', 76, 4, 4, 4, 1, 1, 1, 4, 4, 4, 4, 0, 0, 13, 2, 3, 1, 0, 41),
('2020B-04 ', 77, 0, 2, 3, 4, 9, 2, 0, 3, 1, 3, 4, 2, 4, 13, 0, 2, 0, 33),
('2020B-04 ', 78, 1, 3, 0, 3, 1, 0, 4, 2, 0, 8, 0, 0, 12, 5, 0, 0, 1, 55),
('2020B-04 ', 79, 3, 2, 0, 2, 6, 3, 1, 4, 2, 1, 1, 0, 4, 8, 2, 3, 2, 27),
('2020B-04 ', 80, 4, 2, 4, 3, 6, 2, 2, 2, 1, 3, 3, 1, 12, 11, 0, 3, 4, 30),
('2020B-04 ', 81, 4, 1, 4, 1, 5, 2, 3, 2, 3, 2, 2, 0, 15, 4, 4, 4, 0, 14),
('2020B-04 ', 82, 2, 0, 0, 1, 5, 3, 2, 3, 1, 1, 4, 1, 14, 14, 4, 2, 3, 0),
('2020B-04 ', 83, 3, 0, 1, 4, 8, 1, 3, 4, 1, 7, 4, 4, 5, 10, 3, 2, 1, 23),
('2020B-04 ', 84, 0, 4, 2, 4, 2, 0, 0, 2, 1, 7, 3, 0, 12, 6, 4, 3, 0, 24),
('2020B-04 ', 85, 4, 0, 3, 4, 4, 1, 3, 4, 1, 6, 0, 0, 8, 13, 4, 1, 2, 36),
('2020B-04 ', 86, 2, 0, 2, 4, 1, 1, 1, 0, 0, 6, 1, 0, 8, 12, 2, 3, 1, 55),
('2020B-04 ', 87, 1, 2, 2, 4, 1, 3, 3, 4, 0, 6, 0, 3, 2, 5, 4, 0, 1, 20),
('2020B-04 ', 88, 4, 2, 0, 2, 5, 1, 2, 2, 4, 3, 3, 3, 7, 7, 4, 0, 4, 8),
('2020B-04 ', 89, 3, 0, 2, 3, 8, 0, 2, 0, 1, 3, 0, 3, 11, 8, 1, 1, 2, 19),
('2020B-04 ', 90, 0, 1, 4, 3, 0, 1, 2, 0, 4, 8, 2, 4, 9, 10, 1, 0, 1, 48),
('2020B-04 ', 91, 4, 1, 4, 3, 8, 2, 4, 1, 2, 7, 0, 2, 11, 6, 4, 3, 1, 27),
('2020B-04 ', 92, 1, 0, 4, 2, 7, 3, 2, 4, 4, 1, 2, 4, 9, 0, 3, 4, 0, 0),
('2020B-04 ', 93, 2, 2, 4, 3, 5, 4, 4, 4, 1, 8, 3, 2, 12, 14, 4, 0, 3, 1),
('2020B-04 ', 94, 4, 0, 3, 1, 1, 3, 4, 3, 4, 7, 4, 3, 7, 9, 1, 3, 4, 34),
('2020B-04 ', 95, 3, 2, 0, 0, 4, 2, 4, 2, 1, 8, 2, 4, 14, 12, 1, 3, 2, 16),
('2020B-04 ', 96, 4, 3, 0, 0, 9, 1, 4, 0, 4, 0, 2, 0, 13, 7, 4, 2, 1, 45),
('2020B-04 ', 97, 4, 3, 0, 0, 1, 2, 3, 2, 1, 8, 2, 0, 4, 10, 1, 3, 4, 46),
('2020B-04 ', 98, 0, 3, 1, 0, 0, 3, 3, 1, 1, 1, 4, 2, 10, 0, 0, 3, 0, 18),
('2020B-04 ', 99, 4, 2, 3, 1, 4, 4, 2, 1, 2, 0, 1, 3, 12, 15, 0, 3, 2, 36),
('2020B-04 ', 100, 3, 1, 4, 1, 6, 1, 4, 1, 4, 1, 2, 1, 12, 10, 1, 0, 0, 8);

-- --------------------------------------------------------

--
-- Estructura de tabla para la tabla `examen_nota`
--

CREATE TABLE `examen_nota` (
  `idExamen` varchar(10) NOT NULL,
  `idAlumno` int(10) NOT NULL,
  `enBlanco` int(10) GENERATED ALWAYS AS (100 - (`buenas` + `malas`)) STORED,
  `buenas` int(10) DEFAULT NULL,
  `malas` int(10) DEFAULT NULL,
  `total` float GENERATED ALWAYS AS (`buenas` - 0.25 * `malas`) STORED
) ENGINE=InnoDB DEFAULT CHARSET=utf8mb4;

--
-- Volcado de datos para la tabla `examen_nota`
--

INSERT INTO `examen_nota` (`idExamen`, `idAlumno`, `buenas`, `malas`) VALUES
('2020B-01 ', 1, 36, 26),
('2020B-01 ', 2, 36, 26),
('2020B-01 ', 3, 40, 2),
('2020B-01 ', 4, 41, 7),
('2020B-01 ', 5, 57, 3),
('2020B-01 ', 6, 39, 4),
('2020B-01 ', 7, 72, 20),
('2020B-01 ', 8, 53, 5),
('2020B-01 ', 9, 50, 50),
('2020B-01 ', 10, 35, 7),
('2020B-01 ', 11, 43, 13),
('2020B-01 ', 12, 43, 54),
('2020B-01 ', 13, 44, 21),
('2020B-01 ', 14, 45, 13),
('2020B-01 ', 15, 51, 7),
('2020B-01 ', 16, 49, 28),
('2020B-01 ', 17, 55, 15),
('2020B-01 ', 18, 53, 38),
('2020B-01 ', 19, 43, 12),
('2020B-01 ', 20, 51, 6),
('2020B-01 ', 21, 59, 34),
('2020B-01 ', 22, 39, 30),
('2020B-01 ', 23, 52, 20),
('2020B-01 ', 24, 63, 28),
('2020B-01 ', 25, 53, 8),
('2020B-01 ', 26, 59, 15),
('2020B-01 ', 27, 56, 13),
('2020B-01 ', 28, 39, 17),
('2020B-01 ', 29, 36, 15),
('2020B-01 ', 30, 65, 32),
('2020B-01 ', 31, 57, 37),
('2020B-01 ', 32, 43, 15),
('2020B-01 ', 33, 49, 12),
('2020B-01 ', 34, 63, 14),
('2020B-01 ', 35, 67, 25),
('2020B-01 ', 36, 54, 27),
('2020B-01 ', 37, 46, 9),
('2020B-01 ', 38, 35, 14),
('2020B-01 ', 39, 37, 8),
('2020B-01 ', 40, 30, 37),
('2020B-01 ', 41, 52, 44),
('2020B-01 ', 42, 51, 43),
('2020B-01 ', 43, 57, 28),
('2020B-01 ', 44, 71, 22),
('2020B-01 ', 45, 52, 10),
('2020B-01 ', 46, 50, 50),
('2020B-01 ', 47, 43, 48),
('2020B-01 ', 48, 53, 44),
('2020B-01 ', 49, 39, 61),
('2020B-01 ', 50, 53, 13),
('2020B-01 ', 51, 45, 42),
('2020B-01 ', 52, 58, 25),
('2020B-01 ', 53, 65, 28),
('2020B-01 ', 54, 44, 52),
('2020B-01 ', 55, 63, 16),
('2020B-01 ', 56, 57, 3),
('2020B-01 ', 57, 34, 29),
('2020B-01 ', 58, 51, 41),
('2020B-01 ', 59, 63, 6),
('2020B-01 ', 60, 36, 19),
('2020B-01 ', 61, 47, 12),
('2020B-01 ', 62, 38, 17),
('2020B-01 ', 63, 37, 6),
('2020B-01 ', 64, 49, 20),
('2020B-01 ', 65, 35, 21),
('2020B-01 ', 66, 43, 57),
('2020B-01 ', 67, 41, 8),
('2020B-01 ', 68, 55, 38),
('2020B-01 ', 69, 56, 19),
('2020B-01 ', 70, 61, 18),
('2020B-01 ', 71, 39, 40),
('2020B-01 ', 72, 49, 9),
('2020B-01 ', 73, 49, 38),
('2020B-01 ', 74, 53, 17),
('2020B-01 ', 75, 53, 19),
('2020B-01 ', 76, 44, 54),
('2020B-01 ', 77, 56, 0),
('2020B-01 ', 78, 40, 6),
('2020B-01 ', 79, 43, 44),
('2020B-01 ', 80, 43, 32),
('2020B-01 ', 81, 51, 35),
('2020B-01 ', 82, 43, 30),
('2020B-01 ', 83, 34, 11),
('2020B-01 ', 84, 55, 21),
('2020B-01 ', 85, 39, 45),
('2020B-01 ', 86, 69, 5),
('2020B-01 ', 87, 53, 14),
('2020B-01 ', 88, 63, 26),
('2020B-01 ', 89, 61, 30),
('2020B-01 ', 90, 53, 1),
('2020B-01 ', 91, 62, 11),
('2020B-01 ', 92, 63, 23),
('2020B-01 ', 93, 48, 1),
('2020B-01 ', 94, 58, 7),
('2020B-01 ', 95, 52, 46),
('2020B-01 ', 96, 58, 17),
('2020B-01 ', 97, 41, 36),
('2020B-01 ', 98, 50, 3),
('2020B-01 ', 99, 50, 37),
('2020B-01 ', 100, 65, 34),
('2020B-02 ', 1, 59, 22),
('2020B-02 ', 2, 59, 22),
('2020B-02 ', 3, 54, 7),
('2020B-02 ', 4, 49, 34),
('2020B-02 ', 5, 30, 36),
('2020B-02 ', 6, 59, 26),
('2020B-02 ', 7, 67, 11),
('2020B-02 ', 8, 47, 33),
('2020B-02 ', 9, 46, 19),
('2020B-02 ', 10, 41, 5),
('2020B-02 ', 11, 43, 38),
('2020B-02 ', 12, 53, 24),
('2020B-02 ', 13, 49, 24),
('2020B-02 ', 14, 60, 12),
('2020B-02 ', 15, 47, 10),
('2020B-02 ', 16, 66, 23),
('2020B-02 ', 17, 55, 33),
('2020B-02 ', 18, 44, 48),
('2020B-02 ', 19, 52, 41),
('2020B-02 ', 20, 47, 45),
('2020B-02 ', 21, 44, 36),
('2020B-02 ', 22, 49, 4),
('2020B-02 ', 23, 53, 26),
('2020B-02 ', 24, 55, 40),
('2020B-02 ', 25, 55, 13),
('2020B-02 ', 26, 51, 14),
('2020B-02 ', 27, 52, 33),
('2020B-02 ', 28, 35, 57),
('2020B-02 ', 29, 45, 44),
('2020B-02 ', 30, 58, 32),
('2020B-02 ', 31, 42, 20),
('2020B-02 ', 32, 43, 10),
('2020B-02 ', 33, 38, 50),
('2020B-02 ', 34, 49, 41),
('2020B-02 ', 35, 57, 9),
('2020B-02 ', 36, 63, 13),
('2020B-02 ', 37, 56, 21),
('2020B-02 ', 38, 37, 29),
('2020B-02 ', 39, 54, 12),
('2020B-02 ', 40, 33, 7),
('2020B-02 ', 41, 43, 23),
('2020B-02 ', 42, 50, 29),
('2020B-02 ', 43, 43, 27),
('2020B-02 ', 44, 57, 27),
('2020B-02 ', 45, 67, 20),
('2020B-02 ', 46, 43, 25),
('2020B-02 ', 47, 38, 36),
('2020B-02 ', 48, 62, 20),
('2020B-02 ', 49, 31, 61),
('2020B-02 ', 50, 34, 29),
('2020B-02 ', 51, 35, 15),
('2020B-02 ', 52, 43, 42),
('2020B-02 ', 53, 50, 47),
('2020B-02 ', 54, 60, 29),
('2020B-02 ', 55, 46, 20),
('2020B-02 ', 56, 36, 64),
('2020B-02 ', 57, 46, 3),
('2020B-02 ', 58, 52, 33),
('2020B-02 ', 59, 52, 46),
('2020B-02 ', 60, 49, 39),
('2020B-02 ', 61, 47, 0),
('2020B-02 ', 62, 47, 43),
('2020B-02 ', 63, 33, 37),
('2020B-02 ', 64, 52, 34),
('2020B-02 ', 65, 51, 11),
('2020B-02 ', 66, 31, 66),
('2020B-02 ', 67, 45, 54),
('2020B-02 ', 68, 29, 2),
('2020B-02 ', 69, 57, 41),
('2020B-02 ', 70, 42, 37),
('2020B-02 ', 71, 58, 1),
('2020B-02 ', 72, 25, 70),
('2020B-02 ', 73, 47, 0),
('2020B-02 ', 74, 53, 40),
('2020B-02 ', 75, 50, 48),
('2020B-02 ', 76, 43, 17),
('2020B-02 ', 77, 57, 38),
('2020B-02 ', 78, 54, 18),
('2020B-02 ', 79, 82, 7),
('2020B-02 ', 80, 44, 28),
('2020B-02 ', 81, 53, 45),
('2020B-02 ', 82, 58, 10),
('2020B-02 ', 83, 54, 16),
('2020B-02 ', 84, 56, 5),
('2020B-02 ', 85, 53, 4),
('2020B-02 ', 86, 46, 6),
('2020B-02 ', 87, 45, 5),
('2020B-02 ', 88, 56, 22),
('2020B-02 ', 89, 49, 22),
('2020B-02 ', 90, 40, 41),
('2020B-02 ', 91, 60, 24),
('2020B-02 ', 92, 53, 46),
('2020B-02 ', 93, 54, 9),
('2020B-02 ', 94, 56, 25),
('2020B-02 ', 95, 60, 12),
('2020B-02 ', 96, 50, 46),
('2020B-02 ', 97, 43, 30),
('2020B-02 ', 98, 48, 15),
('2020B-02 ', 99, 58, 29),
('2020B-02 ', 100, 53, 5),
('2020B-03 ', 1, 45, 28),
('2020B-03 ', 2, 45, 28),
('2020B-03 ', 3, 56, 33),
('2020B-03 ', 4, 53, 1),
('2020B-03 ', 5, 46, 51),
('2020B-03 ', 6, 55, 22),
('2020B-03 ', 7, 60, 37),
('2020B-03 ', 8, 48, 15),
('2020B-03 ', 9, 54, 34),
('2020B-03 ', 10, 32, 52),
('2020B-03 ', 11, 64, 30),
('2020B-03 ', 12, 46, 6),
('2020B-03 ', 13, 58, 36),
('2020B-03 ', 14, 49, 5),
('2020B-03 ', 15, 43, 20),
('2020B-03 ', 16, 37, 0),
('2020B-03 ', 17, 35, 38),
('2020B-03 ', 18, 64, 33),
('2020B-03 ', 19, 68, 29),
('2020B-03 ', 20, 47, 25),
('2020B-03 ', 21, 59, 16),
('2020B-03 ', 22, 38, 4),
('2020B-03 ', 23, 32, 48),
('2020B-03 ', 24, 64, 5),
('2020B-03 ', 25, 57, 32),
('2020B-03 ', 26, 38, 29),
('2020B-03 ', 27, 60, 35),
('2020B-03 ', 28, 48, 6),
('2020B-03 ', 29, 40, 16),
('2020B-03 ', 30, 55, 18),
('2020B-03 ', 31, 43, 3),
('2020B-03 ', 32, 48, 16),
('2020B-03 ', 33, 60, 40),
('2020B-03 ', 34, 36, 38),
('2020B-03 ', 35, 50, 27),
('2020B-03 ', 36, 43, 43),
('2020B-03 ', 37, 42, 1),
('2020B-03 ', 38, 45, 54),
('2020B-03 ', 39, 42, 20),
('2020B-03 ', 40, 45, 16),
('2020B-03 ', 41, 45, 49),
('2020B-03 ', 42, 45, 12),
('2020B-03 ', 43, 56, 18),
('2020B-03 ', 44, 60, 27),
('2020B-03 ', 45, 59, 2),
('2020B-03 ', 46, 52, 7),
('2020B-03 ', 47, 60, 10),
('2020B-03 ', 48, 70, 27),
('2020B-03 ', 49, 45, 37),
('2020B-03 ', 50, 39, 45),
('2020B-03 ', 51, 50, 47),
('2020B-03 ', 52, 43, 22),
('2020B-03 ', 53, 65, 27),
('2020B-03 ', 54, 58, 38),
('2020B-03 ', 55, 47, 19),
('2020B-03 ', 56, 38, 58),
('2020B-03 ', 57, 37, 40),
('2020B-03 ', 58, 47, 52),
('2020B-03 ', 59, 52, 26),
('2020B-03 ', 60, 57, 11),
('2020B-03 ', 61, 37, 28),
('2020B-03 ', 62, 40, 59),
('2020B-03 ', 63, 43, 45),
('2020B-03 ', 64, 42, 32),
('2020B-03 ', 65, 59, 35),
('2020B-03 ', 66, 63, 6),
('2020B-03 ', 67, 59, 4),
('2020B-03 ', 68, 61, 21),
('2020B-03 ', 69, 59, 20),
('2020B-03 ', 70, 48, 23),
('2020B-03 ', 71, 52, 35),
('2020B-03 ', 72, 76, 23),
('2020B-03 ', 73, 53, 30),
('2020B-03 ', 74, 59, 3),
('2020B-03 ', 75, 57, 19),
('2020B-03 ', 76, 35, 42),
('2020B-03 ', 77, 47, 40),
('2020B-03 ', 78, 48, 40),
('2020B-03 ', 79, 61, 38),
('2020B-03 ', 80, 52, 42),
('2020B-03 ', 81, 55, 7),
('2020B-03 ', 82, 61, 9),
('2020B-03 ', 83, 52, 14),
('2020B-03 ', 84, 48, 39),
('2020B-03 ', 85, 41, 30),
('2020B-03 ', 86, 41, 3),
('2020B-03 ', 87, 51, 2),
('2020B-03 ', 88, 55, 10),
('2020B-03 ', 89, 50, 27),
('2020B-03 ', 90, 44, 25),
('2020B-03 ', 91, 54, 27),
('2020B-03 ', 92, 52, 0),
('2020B-03 ', 93, 38, 18),
('2020B-03 ', 94, 57, 33),
('2020B-03 ', 95, 38, 26),
('2020B-03 ', 96, 55, 26),
('2020B-03 ', 97, 27, 56),
('2020B-03 ', 98, 54, 0),
('2020B-03 ', 99, 43, 28),
('2020B-03 ', 100, 45, 55),
('2020B-04 ', 1, 49, 17),
('2020B-04 ', 2, 28, 4),
('2020B-04 ', 3, 48, 37),
('2020B-04 ', 4, 37, 33),
('2020B-04 ', 5, 41, 17),
('2020B-04 ', 6, 53, 31),
('2020B-04 ', 7, 46, 22),
('2020B-04 ', 8, 60, 17),
('2020B-04 ', 9, 54, 39),
('2020B-04 ', 10, 43, 26),
('2020B-04 ', 11, 49, 17),
('2020B-04 ', 12, 43, 44),
('2020B-04 ', 13, 55, 37),
('2020B-04 ', 14, 32, 36),
('2020B-04 ', 15, 35, 20),
('2020B-04 ', 16, 58, 39),
('2020B-04 ', 17, 66, 10),
('2020B-04 ', 18, 54, 29),
('2020B-04 ', 19, 53, 43),
('2020B-04 ', 20, 57, 36),
('2020B-04 ', 21, 45, 20),
('2020B-04 ', 22, 52, 1),
('2020B-04 ', 23, 54, 4),
('2020B-04 ', 24, 54, 19),
('2020B-04 ', 25, 48, 34),
('2020B-04 ', 26, 52, 47),
('2020B-04 ', 27, 47, 20),
('2020B-04 ', 28, 52, 29),
('2020B-04 ', 29, 61, 33),
('2020B-04 ', 30, 45, 46),
('2020B-04 ', 31, 50, 24),
('2020B-04 ', 32, 44, 14),
('2020B-04 ', 33, 43, 7),
('2020B-04 ', 34, 47, 16),
('2020B-04 ', 35, 44, 9),
('2020B-04 ', 36, 69, 1),
('2020B-04 ', 37, 59, 41),
('2020B-04 ', 38, 40, 16),
('2020B-04 ', 39, 55, 1),
('2020B-04 ', 40, 48, 37),
('2020B-04 ', 41, 50, 5),
('2020B-04 ', 42, 30, 28),
('2020B-04 ', 43, 47, 30),
('2020B-04 ', 44, 50, 34),
('2020B-04 ', 45, 49, 41),
('2020B-04 ', 46, 45, 9),
('2020B-04 ', 47, 50, 31),
('2020B-04 ', 48, 64, 11),
('2020B-04 ', 49, 62, 13),
('2020B-04 ', 50, 55, 21),
('2020B-04 ', 51, 62, 19),
('2020B-04 ', 52, 47, 29),
('2020B-04 ', 53, 53, 37),
('2020B-04 ', 54, 30, 52),
('2020B-04 ', 55, 51, 1),
('2020B-04 ', 56, 54, 11),
('2020B-04 ', 57, 49, 5),
('2020B-04 ', 58, 52, 44),
('2020B-04 ', 59, 64, 12),
('2020B-04 ', 60, 37, 40),
('2020B-04 ', 61, 43, 14),
('2020B-04 ', 62, 52, 17),
('2020B-04 ', 63, 47, 51),
('2020B-04 ', 64, 46, 5),
('2020B-04 ', 65, 43, 56),
('2020B-04 ', 66, 52, 18),
('2020B-04 ', 67, 58, 40),
('2020B-04 ', 68, 75, 12),
('2020B-04 ', 69, 42, 17),
('2020B-04 ', 70, 45, 49),
('2020B-04 ', 71, 63, 31),
('2020B-04 ', 72, 46, 7),
('2020B-04 ', 73, 49, 10),
('2020B-04 ', 74, 52, 32),
('2020B-04 ', 75, 31, 29),
('2020B-04 ', 76, 50, 41),
('2020B-04 ', 77, 52, 33),
('2020B-04 ', 78, 40, 55),
('2020B-04 ', 79, 44, 27),
('2020B-04 ', 80, 63, 30),
('2020B-04 ', 81, 56, 14),
('2020B-04 ', 82, 60, 0),
('2020B-04 ', 83, 61, 23),
('2020B-04 ', 84, 50, 24),
('2020B-04 ', 85, 58, 36),
('2020B-04 ', 86, 44, 55),
('2020B-04 ', 87, 41, 20),
('2020B-04 ', 88, 53, 8),
('2020B-04 ', 89, 48, 19),
('2020B-04 ', 90, 50, 48),
('2020B-04 ', 91, 63, 27),
('2020B-04 ', 92, 50, 0),
('2020B-04 ', 93, 75, 1),
('2020B-04 ', 94, 61, 34),
('2020B-04 ', 95, 64, 16),
('2020B-04 ', 96, 54, 45),
('2020B-04 ', 97, 48, 46),
('2020B-04 ', 98, 32, 18),
('2020B-04 ', 99, 59, 36),
('2020B-04 ', 100, 52, 8);

--
-- Índices para tablas volcadas
--

--
-- Indices de la tabla `alumno`
--
ALTER TABLE `alumno`
  ADD PRIMARY KEY (`idAlumno`);

--
-- Indices de la tabla `alumno_detalle`
--
ALTER TABLE `alumno_detalle`
  ADD PRIMARY KEY (`idalum`);

--
-- Indices de la tabla `alumno_usuario`
--
ALTER TABLE `alumno_usuario`
  ADD PRIMARY KEY (`id`);

--
-- Indices de la tabla `carrera_vacante`
--
ALTER TABLE `carrera_vacante`
  ADD PRIMARY KEY (`idCarrera`);

--
-- Indices de la tabla `cronograma`
--
ALTER TABLE `cronograma`
  ADD PRIMARY KEY (`id`);

--
-- Indices de la tabla `examen_curso`
--
ALTER TABLE `examen_curso`
  ADD PRIMARY KEY (`idExamen`,`idAlumno`);

--
-- Indices de la tabla `examen_nota`
--
ALTER TABLE `examen_nota`
  ADD PRIMARY KEY (`idExamen`,`idAlumno`);

--
-- AUTO_INCREMENT de las tablas volcadas
--

--
-- AUTO_INCREMENT de la tabla `carrera_vacante`
--
ALTER TABLE `carrera_vacante`
  MODIFY `idCarrera` int(11) NOT NULL AUTO_INCREMENT, AUTO_INCREMENT=18;

--
-- AUTO_INCREMENT de la tabla `cronograma`
--
ALTER TABLE `cronograma`
  MODIFY `id` int(11) NOT NULL AUTO_INCREMENT, AUTO_INCREMENT=12;

--
-- Restricciones para tablas volcadas
--

--
-- Filtros para la tabla `examen_nota`
--
ALTER TABLE `examen_nota`
  ADD CONSTRAINT `examen_nota_ibfk_1` FOREIGN KEY (`idExamen`,`idAlumno`) REFERENCES `examen_curso` (`idExamen`, `idAlumno`);
COMMIT;

/*!40101 SET CHARACTER_SET_CLIENT=@OLD_CHARACTER_SET_CLIENT */;
/*!40101 SET CHARACTER_SET_RESULTS=@OLD_CHARACTER_SET_RESULTS */;
/*!40101 SET COLLATION_CONNECTION=@OLD_COLLATION_CONNECTION */;
